"","probe_id","Gene.symbol.x","AGI","logFC.GV","logFC.C58","age"
"1","245076_at","GH3.3","AT2G23170",0.42858333,3.29,"UC"
"2","245112_at","GPDHC1","AT2G41540",-0.35824,-0.893,"UC"
"3","245161_at","NSP2","AT2G33070",-0.28498667,-0.474,"UC"
"4","245186_at","ARR11","AT1G67710",-0.27242,-0.391,"MC"
"5","245226_at","AT3G29970","AT3G29970",2.45865333,1.96,"MC"
"6","245255_at","COP9","AT4G14110",0.17717667,0.316,"UC"
"7","245282_at","AT4G14990","AT4G14990",-0.25849,-0.509,"MC"
"8","245311_at","AT4G14320///AT3G23390","AT4G14320",0.3139,0.731,"UC"
"9","245328_at","AHL20","AT4G14465",0.69451,0.493,"MC"
"10","245340_at","AT4G14420","AT4G14420",0.29116333,0.498,"MC"
"11","245343_at","AT4G15830","AT4G15830",0.28797,0.751,"UC"
"12","245346_at","CT-BMY","AT4G17090",-0.64789667,-0.888,"UC"
"13","245393_at","AT4G16260","AT4G16260",0.77971333,0.95,"UC"
"14","245399_at","TIP2;2","AT4G17340",-0.49460333,-0.937,"UC"
"15","245422_at","AT4G17470","AT4G17470",-0.50468,-0.777,"UC"
"16","245612_at","HCD1","AT4G14440",-0.39615667,-0.733,"UC"
"17","245629_at","SVB","AT1G56580",-0.52885333,-0.466,"MC"
"18","245739_at","CYCA1;1","AT1G44110",0.29556333,0.493,"MC"
"19","245748_at","AT1G51140","AT1G51140",-0.22391333,-0.398,"MC"
"20","245749_at","AT1G51090","AT1G51090",-0.36455333,-0.469,"MC"
"21","245750_at","HTA10","AT1G51060",0.27367,0.64,"UC"
"22","245791_at","ATDAD1","AT1G32210",0.21137333,0.416,"UC"
"23","245803_at","RD21","AT1G47128",-0.3309,-0.672,"UC"
"24","245885_at","EXL4","AT5G09440",-0.42548,-1.07,"MC"
"25","245901_at","KNAT4","AT5G11060",-0.17857333,-0.491,"MC"
"26","245937_at","AT5G19750","AT5G19750",0.25167333,0.506,"UC"
"27","245951_at","ASP2","AT5G19550",0.54137667,0.801,"UC"
"28","245998_at","SUS1","AT5G20830",0.28676667,0.468,"UC"
"29","246000_at","AT5G20820","AT5G20820",0.49894,1.22,"MC"
"30","246114_at","DIN10","AT5G20250",-0.48255,-1.36,"UC"
"31","246125_at","AT5G19875","AT5G19875",-0.27568333,-0.588,"MC"
"32","246192_at","EIF2 BETA","AT5G20920",0.16226,0.444,"UC"
"33","246288_at","AT1G31850","AT1G31850",-0.34314667,-0.267,"MC"
"34","246302_at","CAX3","AT3G51860",-0.57080333,-1.03,"UC"
"35","246370_at","AT1G51920","AT1G51920",0.47437333,0.441,"MC"
"36","246468_at","UGT78D2","AT5G17050",-0.38409667,-0.283,"MC"
"37","246703_at","WNK9","AT5G28080",-0.29866667,-0.313,"MC"
"38","246730_at","AT5G28060","AT5G28060",0.30753,0.413,"UC"
"39","246781_at","SFP1","AT5G27350",-0.47864667,-0.846,"UC"
"40","246855_at","AT5G26280","AT5G26280",0.74424333,0.691,"MC"
"41","246908_at","RD22","AT5G25610",-0.43383333,-0.536,"MC"
"42","247010_at","AT5G67510","AT5G67510",0.22586667,0.782,"UC"
"43","247024_at","AT5G66985","AT5G66985",0.53107,0.899,"MC"
"44","247039_at","EB1C","AT5G67270",0.28896,0.426,"UC"
"45","247076_at","GAMMA CA3","AT5G66510",0.19441,0.434,"UC"
"46","247151_at","bHLH093","AT5G65640",0.67842,1.14,"MC"
"47","247170_at","AT5G65530","AT5G65530",-0.26841333,-0.771,"MC"
"48","247175_at","GCL1","AT5G65280",-0.26065,-0.316,"UC"
"49","247196_at","AIL7","AT5G65510",0.31527333,0.638,"MC"
"50","247258_at","AT5G64816","AT5G64816",0.23951333,0.488,"MC"
"51","247280_at","EXL2","AT5G64260",-0.76467667,-1.41,"MC"
"52","247327_at","AT5G64120","AT5G64120",1.44508667,1.35,"MC"
"53","247354_at","FLS3","AT5G63590",-0.38035333,-0.89,"MC"
"54","247359_at","AT5G63560","AT5G63560",-0.58645333,-1.02,"MC"
"55","247434_at","AT5G62575","AT5G62575",0.30753333,0.318,"MC"
"56","247492_at","AT5G61890","AT5G61890",-0.36893333,-0.501,"MC"
"57","247554_at","EXO70E2","AT5G61010",0.29383,0.242,"MC"
"58","247652_at","HTB4","AT5G59910",0.23017333,0.54,"UC"
"59","247765_at","CYP86A1","AT5G58860",-0.65864333,-1.62,"UC"
"60","247884_at","CER3","AT5G57800",-0.44969333,-0.566,"UC"
"61","247903_at","AT5G57340","AT5G57340",-0.23323667,-0.662,"MC"
"62","247923_at","VDAC4","AT5G57490",0.16893333,0.273,"UC"
"63","247962_at","MKK6","AT5G56580",0.26006,0.527,"UC"
"64","248199_at","AT5G54170","AT5G54170",-0.19611,-0.551,"MC"
"65","248219_at","AT5G53650","AT5G53650",0.28896333,0.357,"MC"
"66","248227_at","AT5G53820","AT5G53820",0.83189667,0.694,"MC"
"67","248387_at","AT5G51960","AT5G51960",0.21682,0.314,"MC"
"68","248545_at","AT5G50260","AT5G50260",-0.48198667,-0.613,"UC"
"69","248551_at","WR3","AT5G50200",-0.29129667,-0.59,"MC"
"70","248590_at","AT5G49660","AT5G49660",-0.39266667,-0.455,"MC"
"71","248597_at","MET1","AT5G49160",0.31700667,0.731,"UC"
"72","248621_at","AT5G49350","AT5G49350",-0.35339667,-0.634,"MC"
"73","248625_at","PKT2","AT5G48880",-0.37891333,-0.292,"UC"
"74","248639_at","HCT","AT5G48930",-0.25783333,-0.578,"MC"
"75","248646_at","AT5G49100","AT5G49100",0.29985333,0.374,"MC"
"76","248678_at","SAD1","AT5G48870",0.21419667,0.517,"UC"
"77","248684_at","DIR1","AT5G48485",0.872,1.74,"MC"
"78","248686_at","AT5G48540","AT5G48540",0.77833333,0.561,"MC"
"79","248703_at","AT5G48430","AT5G48430",0.35250333,0.212,"MC"
"80","248747_at","AT5G47930","AT5G47930",0.25603333,0.75,"UC"
"81","248750_at","AT5G47530","AT5G47530",-0.32406667,-0.235,"MC"
"82","248763_at","AT5G47550","AT5G47550",0.75732,2.16,"MC"
"83","248812_at","AT5G47330","AT5G47330",-0.31050333,-0.639,"UC"
"84","248963_at","AT5G45700","AT5G45700",0.28538667,0.733,"MC"
"85","249001_at","AT5G44990","AT5G44990",0.40513333,0.242,"UC"
"86","249215_at","DFR","AT5G42800",-0.62322667,-0.643,"MC"
"87","249276_at","POLA3","AT5G41880",0.20295333,0.566,"UC"
"88","249289_at","AT5G41040","AT5G41040",-0.60876,-1.54,"MC"
"89","249310_at","AT5G41520","AT5G41520",0.2044,0.526,"UC"
"90","249333_at","GLIP1","AT5G40990",0.94876333,0.538,"MC"
"91","249334_at","YSL4","AT5G41000",0.66003333,0.445,"UC"
"92","249344_at","PHB3","AT5G40770",0.23634333,0.701,"UC"
"93","249454_at","AT5G39520","AT5G39520",-0.37025,-0.482,"MC"
"94","249466_at","RPL5B","AT5G39740",0.20284333,0.735,"UC"
"95","249580_at","AT5G37740","AT5G37740",0.81184667,0.634,"MC"
"96","249700_at","AT5G35530","AT5G35530",0.2611,0.57,"UC"
"97","249761_at","AT5G23970","AT5G23970",-0.38137,-0.436,"MC"
"98","249794_at","CXE18","AT5G23530",-0.40089667,-0.725,"MC"
"99","249817_at","AT5G23820","AT5G23820",0.51536333,0.548,"MC"
"100","249848_at","NIC3","AT5G23220",0.21629,0.391,"UC"
"101","249850_at","AT5G23240","AT5G23240",-0.31638,-0.601,"MC"
"102","249881_at","CYP86B1","AT5G23190",-0.36890667,-0.783,"UC"
"103","249895_at","FAR1","AT5G22500",-0.87168667,-1.31,"UC"
"104","249910_at","ADT5","AT5G22630",-0.37766667,-0.534,"UC"
"105","249916_at","HTB2","AT5G22880",0.29194,0.605,"UC"
"106","249917_at","AT5G22460","AT5G22460",0.32206,1.49,"MC"
"107","249983_at","AT5G18470","AT5G18470",0.72455667,1.13,"MC"
"108","250014_at","TRP1","AT5G17990",0.61696,0.648,"UC"
"109","250028_at","AT5G18130","AT5G18130",-0.56531667,-1.21,"MC"
"110","250045_at","AT5G17700","AT5G17700",-0.22719,0.536,"UC"
"111","250083_at","GSTF12","AT5G17220",-0.58393667,-0.617,"UC"
"112","250090_at","GAD","AT5G17330",0.97949333,0.997,"UC"
"113","250100_at","GLN1;4","AT5G16570",-0.6646,-0.959,"UC"
"114","250109_at","GASA4","AT5G15230",1.03866667,1.2,"MC"
"115","250180_at","AT5G14450","AT5G14450",0.31470333,0.467,"MC"
"116","250230_at","AT5G13900","AT5G13900",-0.36590333,-0.934,"MC"
"117","250239_at","AT5G13580","AT5G13580",-0.66029,-1.33,"UC"
"118","250267_at","AT5G12930","AT5G12930",0.42365333,0.466,"MC"
"119","250279_at","AT5G13200","AT5G13200",-0.37635,-0.878,"MC"
"120","250344_at","AT5G11930","AT5G11930",-0.20294667,-0.772,"MC"
"121","250434_at","AT1G09200///AT5G65360///AT5G10400///AT5G10390///AT3G27360","AT5G10390",0.25496667,0.999,"UC"
"122","250435_at","RING1","AT5G10380",-0.34817,-0.485,"MC"
"123","250464_at","AT5G10040","AT5G10040",1.04083,1.41,"MC"
"124","250496_at","PPa6","AT5G09650",0.34872333,0.645,"UC"
"125","250500_at","AT5G09530","AT5G09530",-0.7184,-1.65,"MC"
"126","250505_at","CESA5","AT5G09870",-0.32752,-0.244,"MC"
"127","250541_at","AT5G09520","AT5G09520",-0.55985667,-1.32,"MC"
"128","250558_at","TT7","AT5G07990",-0.50551,-0.323,"UC"
"129","250560_at","RPA70B","AT5G08020",0.15930333,0.571,"UC"
"130","250576_at","AT5G08250","AT5G08250",-0.31273333,-0.535,"UC"
"131","250670_at","PGIP1","AT5G06860",0.51540333,1.06,"MC"
"132","250674_at","LAC13","AT5G07130",-0.33742,-0.729,"UC"
"133","250690_at","AT5G06530","AT5G06530",-0.23679,-0.304,"UC"
"134","250695_at","AT5G06740","AT5G06740",0.48395667,0.283,"MC"
"135","250738_at","ASA1","AT5G05730",0.72237,0.655,"UC"
"136","250770_at","LAC12","AT5G05390",-0.20473333,-0.449,"UC"
"137","250779_at","EIF2 ALPHA","AT5G05470",0.17537667,0.452,"UC"
"138","250793_at","AT5G05600","AT5G05600",-0.20375,-0.55,"MC"
"139","250823_at","AT5G05180","AT5G05180",0.25877333,0.505,"MC"
"140","250909_at","AT5G03700","AT5G03700",0.62874,0.466,"MC"
"141","250983_at","GSTL1","AT5G02780",0.67114,0.457,"MC"
"142","251028_at","AT5G02230","AT5G02230",-0.22736667,-0.655,"UC"
"143","251065_at","AT5G01870","AT5G01870",0.47468333,0.985,"MC"
"144","251167_at","AT3G63360","AT3G63360",-0.58226333,-0.718,"MC"
"145","251188_at","AT3G62730","AT3G62730",-0.75019333,-1.27,"UC"
"146","251221_at","AT3G62550","AT3G62550",-0.37826,-1.24,"MC"
"147","251235_at","AT3G62860","AT3G62860",0.18354333,0.59,"UC"
"148","251297_at","GLP10","AT3G62020",-0.43156667,-0.609,"MC"
"149","251305_at","ROC4","AT3G62030",0.26818333,0.773,"MC"
"150","251310_at","HDG1","AT3G61150",-0.2608,-0.212,"MC"
"151","251317_at","AT3G61490","AT3G61490",0.27801667,0.496,"UC"
"152","251425_at","AT3G60210","AT3G60210",0.25769333,0.331,"MC"
"153","251456_at","BGLU27","AT3G60120",0.36561667,0.327,"UC"
"154","251486_at","AT3G59540///AT2G43460","AT3G59540",0.2671,0.697,"UC"
"155","251509_at","PME61","AT3G59010",-0.28953333,-0.649,"MC"
"156","251531_at","AT3G58550","AT3G58550",-0.75126333,-1.4,"MC"
"157","251624_at","AT3G57280","AT3G57280",0.23958,0.271,"MC"
"158","251628_at","EIF3E","AT3G57290",0.28756333,0.644,"UC"
"159","251705_at","WRKY70","AT3G56400",-0.45072,-0.975,"MC"
"160","251706_at","AT3G56620","AT3G56620",-0.22716,-0.356,"MC"
"161","251753_at","AT3G55760","AT3G55760",-0.37382,-0.524,"UC"
"162","251768_at","AT3G55940","AT3G55940",-0.41206333,-0.697,"UC"
"163","251846_at","HTA11","AT3G54560",0.37728333,0.827,"UC"
"164","251847_at","TSA1","AT3G54640",0.91692333,0.967,"UC"
"165","251882_at","PTR1","AT3G54140",-0.59343333,-1.04,"UC"
"166","251895_at","EP3","AT3G54420",0.2831,0.148,"UC"
"167","251902_at","PUMP1","AT3G54110",0.25,0.407,"UC"
"168","251942_at","PDR9","AT3G53480",0.78106,0.809,"UC"
"169","251944_at","AT3G53510","AT3G53510",-0.601,-1.18,"UC"
"170","251982_at","AT3G53190","AT3G53190",0.27080333,0.557,"MC"
"171","251996_at","BGAL2","AT3G52840",-0.45380667,-1.07,"UC"
"172","252045_at","PUB22","AT3G52450",0.47077333,0.635,"MC"
"173","252102_at","LTI30","AT3G50970",-0.57526667,-0.894,"MC"
"174","252209_at","AT3G50400","AT3G50400",-0.49001667,-1,"MC"
"175","252479_at","TIM9","AT3G46560",0.20422667,0.729,"UC"
"176","252511_at","AT3G46280","AT3G46280",0.33928,0.549,"MC"
"177","252566_at","RPS15AD","AT3G46040",0.22761,0.688,"UC"
"178","252604_at","NRT2.6","AT3G45060",-1.0719,-1.27,"UC"
"179","252640_at","FAR8","AT3G44560",-0.38174333,-0.373,"UC"
"180","252677_at","NIT3","AT3G44320",0.60185667,0.507,"UC"
"181","252746_at","SUS4","AT3G43190",0.85462333,0.768,"UC"
"182","252827_at","CYP79B2","AT4G39950",1.96375667,1.71,"MC"
"183","252829_at","HB16","AT4G40060",0.38732333,0.278,"MC"
"184","252940_at","AT4G39270","AT4G39270",0.26354667,0.222,"MC"
"185","253039_at","SQE3","AT4G37760",-0.27364667,-0.588,"UC"
"186","253040_at","XTH7","AT4G37800",0.64063333,1.26,"MC"
"187","253051_at","CYCB1;1","AT4G37490",0.18367667,0.477,"MC"
"188","253053_at","AT4G37470","AT4G37470",-0.28798333,-0.324,"MC"
"189","253148_at","CYCB2;2","AT4G35620",0.21723,0.525,"MC"
"190","253174_at","CAT2","AT4G35090",-0.21873667,-0.283,"UC"
"191","253211_at","AT4G34880","AT4G34880",0.1987,0.344,"UC"
"192","253215_at","AT4G34950","AT4G34950",-0.2973,-0.734,"UC"
"193","253273_at","AT4G34180","AT4G34180",0.3484,0.316,"UC"
"194","253301_at","AT4G33720","AT4G33720",-0.52213,-0.586,"MC"
"195","253334_at","FLDH","AT4G33360",0.24204667,0.468,"UC"
"196","253401_at","AT4G32870","AT4G32870",0.28165,0.26,"MC"
"197","253403_at","AUR1","AT4G32830",0.23228333,0.532,"UC"
"198","253482_at","AT4G31985///AT2G25210","AT4G31985",0.29813333,0.672,"UC"
"199","253505_at","CYP82C2","AT4G31970",1.51194,0.92,"UC"
"200","253559_at","AT4G31140","AT4G31140",-0.24900667,-0.246,"MC"
"201","253617_at","AT4G30410","AT4G30410",0.48593,1.03,"MC"
"202","253668_at","AT2G14285///RUXF","AT4G30220",0.19879,0.532,"UC"
"203","253720_at","AT4G29270","AT4G29270",0.46063333,0.45,"MC"
"204","253722_at","AT4G29190","AT4G29190",-0.44840333,-0.942,"MC"
"205","253872_at","RD26","AT4G27410",-0.32032333,-0.603,"MC"
"206","254042_at","XTR6","AT4G25810",-0.68357667,-0.894,"MC"
"207","254081_at","AT4G25660","AT4G25660",-0.25093667,-0.438,"MC"
"208","254101_at","AMY1","AT4G25000",-0.31112333,-0.401,"UC"
"209","254102_at","ACP4","AT4G25050",0.31865,0.416,"MC"
"210","254200_at","AT4G24110","AT4G24110",0.83068,0.815,"MC"
"211","254201_at","AT4G24130","AT4G24130",-0.44412333,-0.754,"MC"
"212","254239_at","PIP1;5","AT4G23400",-0.40493333,-0.834,"UC"
"213","254360_at","CDS2","AT4G22340",-0.23746333,-0.336,"UC"
"214","254413_at","MYB102","AT4G21440",-0.26226667,-0.269,"MC"
"215","254487_at","CML42","AT4G20780",0.49517667,0.42,"MC"
"216","254564_at","NCED4","AT4G19170",-0.44148333,-0.853,"UC"
"217","254623_at","CHLI1","AT4G18480",0.25211,0.418,"UC"
"218","254630_at","AT4G18360","AT4G18360",0.50003,0.821,"UC"
"219","254641_at","RABA1d","AT4G18800",0.22549667,0.536,"UC"
"220","254726_at","PRR2","AT4G13660",0.44266667,0.624,"UC"
"221","254759_at","AT4G13180","AT4G13180",0.94823333,1.01,"UC"
"222","254777_at","AT4G12960","AT4G12960",-0.22307667,-0.332,"UC"
"223","254805_at","pEARLI 1","AT4G12480",1.19620667,1.72,"MC"
"224","254818_at","AZI1","AT4G12470",0.95561667,1.41,"MC"
"225","254819_at","AT4G12500","AT4G12500",1.07356,0.912,"MC"
"226","254831_at","AT4G12600","AT4G12600",0.28789,0.786,"UC"
"227","254832_at","AT4G12490","AT4G12490",0.93108333,0.741,"MC"
"228","254897_at","CRK31","AT4G11470",0.27734333,0.205,"MC"
"229","254923_at","TOPP7","AT4G11240",0.30069333,0.398,"UC"
"230","254938_at","OPT7","AT4G10770",-0.38519333,-0.615,"UC"
"231","255037_at","MYB6","AT4G09460",0.26832667,-0.245,"MC"
"232","255110_at","AT4G08770","AT4G08770",2.29819667,2.27,"MC"
"233","255111_at","AT4G08780","AT4G08780",1.38348333,1.5,"MC"
"234","255331_at","AT4G04330","AT4G04330",-0.31125667,-0.323,"MC"
"235","255340_at","CRK36","AT4G04490",-0.27161,-0.496,"MC"
"236","255455_at","AT4G02930","AT4G02930",0.23591333,0.802,"UC"
"237","255460_at","AT4G02800","AT4G02800",0.37765333,0.67,"MC"
"238","255543_at","AT4G01870","AT4G01870",0.51466333,0.865,"MC"
"239","255591_at","EXPA17","AT4G01630",0.41471,0.5,"MC"
"240","255602_at","PYL7","AT4G01026",-0.32089333,-0.807,"MC"
"241","255706_at","RPS13A","AT4G00100",0.2758,0.616,"UC"
"242","255806_at","AT4G10260","AT4G10260",0.42327667,0.422,"UC"
"243","255807_at","AT4G10270","AT4G10270",0.71303667,0.911,"MC"
"244","255822_at","EXPA8","AT2G40610",0.31334667,0.544,"MC"
"245","255861_at","VSR2","AT2G30290",-0.16758333,-0.196,"UC"
"246","255902_at","BTF3","AT1G17880",0.27616,0.437,"UC"
"247","255903_at","MYB52","AT1G17950",-0.37247,-0.65,"MC"
"248","255904_at","AT1G17860","AT1G17860",0.64937333,0.657,"MC"
"249","256033_at","UGT71C4","AT1G07250",-0.21503667,-0.265,"MC"
"250","256067_at","AT1G07170///AT2G30000","AT1G07170",0.22295667,0.223,"UC"
"251","256072_at","ATARCA","AT1G18080",0.18593333,0.722,"UC"
"252","256098_at","PGL1","AT1G13700",-0.37048,-1.14,"UC"
"253","256299_at","EXPA1","AT1G69530",0.64533333,0.986,"MC"
"254","256321_at","LOX1","AT1G55020",-0.82367333,-1.18,"MC"
"255","256425_at","ADR1","AT1G33560",-0.19177333,-0.276,"MC"
"256","256469_at","LOL1","AT1G32540",0.34268667,0.274,"MC"
"257","256488_at","NFD4","AT1G31470",-0.15576,-0.247,"MC"
"258","256547_at","AT3G14840","AT3G14840",0.42961667,0.812,"MC"
"259","256617_at","AT3G22240","AT3G22240",0.54581667,0.551,"MC"
"260","256647_at","AT3G13610","AT3G13610",1.31336667,1.74,"UC"
"261","256679_at","ATPQ","AT3G52300",0.26826667,0.441,"UC"
"262","256766_at","PCC1","AT3G22231",-0.50641,-0.732,"MC"
"263","256861_at","BAM1","AT3G23920",-0.46377667,-0.784,"UC"
"264","256905_at","HSP60","AT3G23990",0.30159333,1.06,"UC"
"265","256924_at","AT5MAT","AT3G29590",-0.31908667,-0.227,"MC"
"266","256933_at","AT3G22600","AT3G22600",-0.4977,-1.33,"MC"
"267","256937_at","AT3G22620","AT3G22620",-0.53119,-1.36,"MC"
"268","256979_at","PSBTN","AT3G21055",0.24153333,0.24,"MC"
"269","257005_at","AT3G14190","AT3G14190",0.23191667,0.508,"MC"
"270","257134_at","AT3G12870","AT3G12870",0.31573667,0.657,"MC"
"271","257154_at","AT3G27210","AT3G27210",-0.19409333,-0.425,"MC"
"272","257206_at","AT3G16530","AT3G16530",1.07024,0.81,"MC"
"273","257315_at","ERD5","AT3G30775",-0.79456667,-1.37,"UC"
"274","257373_at","AT2G43140","AT2G43140",0.28174667,0.171,"MC"
"275","257471_at","bZIP4","AT1G59530",-0.30627667,-0.404,"MC"
"276","257522_at","AT3G08990","AT3G08990",-0.18195667,-0.29,"UC"
"277","257673_at","AT3G20370","AT3G20370",1.11341,1.11,"MC"
"278","257798_at","NAI2","AT3G15950",0.92009333,0.969,"MC"
"279","257830_at","NUDX13","AT3G26690",0.26218,0.352,"MC"
"280","257844_at","AT3G28480","AT3G28480",0.42220667,0.438,"UC"
"281","257895_at","LPD1","AT3G16950",-0.22372667,-0.275,"UC"
"282","257906_at","ATL5","AT3G25520",0.22287333,0.778,"UC"
"283","257952_at","AT3G21770","AT3G21770",0.24258333,0.374,"MC"
"284","258002_at","AIG2","AT3G28930",0.55284,0.57,"UC"
"285","258037_at","4CL5","AT3G21230",-0.49685,-0.839,"UC"
"286","258054_at","DELTA-TIP","AT3G16240",0.24763333,0.58,"UC"
"287","258075_at","HMT-1","AT3G25900",0.54716,0.851,"UC"
"288","258091_at","AT3G14560","AT3G14560",-0.23791333,-0.357,"MC"
"289","258130_at","AT3G24510","AT3G24510",1.24125333,0.877,"MC"
"290","258140_at","ALDH2C4","AT3G24503",1.24784667,1.29,"UC"
"291","258178_at","AT3G21680","AT3G21680",0.29112,0.436,"MC"
"292","258181_at","AT3G21670","AT3G21670",-0.28144333,-0.671,"UC"
"293","258207_at","RSH2","AT3G14050",-0.20789333,-0.478,"MC"
"294","258257_at","AT3G26770","AT3G26770",0.47603667,0.321,"UC"
"295","258277_at","PAD3","AT3G26830",1.57266667,1.26,"UC"
"296","258367_at","WAG2","AT3G14370",0.21436333,1.57,"MC"
"297","258402_at","AT3G15450","AT3G15450",-0.31526667,-1.05,"MC"
"298","258410_at","AT3G16780","AT3G16780",0.19821,1.02,"UC"
"299","258469_at","PRXIIF","AT3G06050",0.24356333,0.341,"UC"
"300","258486_at","AT3G02560","AT3G02560",0.21586667,0.647,"UC"
"301","258529_at","GATA15","AT3G06740",0.2181,0.476,"MC"
"302","258612_at","RPA32B","AT3G02920",0.19402667,0.429,"UC"
"303","258618_at","GASA5","AT3G02885",0.38842333,0.55,"MC"
"304","258619_at","IPP2","AT3G02780",0.22009,0.407,"UC"
"305","258620_at","MYB107","AT3G02940",-0.22398667,-0.435,"MC"
"306","258791_at","PR4","AT3G04720",0.97593333,1.34,"MC"
"307","258837_at","AT3G07110","AT3G07110",0.20576667,0.8,"UC"
"308","258867_at","AT3G03130","AT3G03130",0.22248667,0.551,"MC"
"309","258879_at","AT3G03270","AT3G03270",0.44245333,0.514,"MC"
"310","258900_at","RPL18","AT3G05590",0.28226667,0.789,"UC"
"311","258925_at","AT3G10420","AT3G10420",-0.29681,-0.564,"UC"
"312","258939_at","AT3G10020","AT3G10020",-0.41682333,-0.841,"MC"
"313","258941_at","MDHAR","AT3G09940",0.30390667,0.212,"UC"
"314","259009_at","PYK10","AT3G09260",2.25127667,2.08,"UC"
"315","259058_at","CYP89A9","AT3G03470",-0.38506,-0.691,"MC"
"316","259090_at","AT3G04920","AT3G04920",0.54373667,0.873,"UC"
"317","259225_at","AT3G07590","AT3G07590",0.20231667,0.335,"UC"
"318","259282_at","GPAT5","AT3G11430",-0.40401667,-1.02,"MC"
"319","259305_at","AT3G05070","AT3G05070",0.21912667,0.418,"UC"
"320","259327_at","AT3G16460","AT3G16460",0.61726,0.434,"MC"
"321","259426_at","LEA14","AT1G01470",-0.33666667,-0.353,"MC"
"322","259430_at","GPAT4","AT1G01610",-0.45224667,-0.918,"MC"
"323","259433_at","AT1G01570","AT1G01570",-0.2052,-0.305,"MC"
"324","259442_at","MAN1","AT1G02310",-0.21251333,-0.21,"UC"
"325","259443_at","AT1G02360","AT1G02360",0.90241333,0.812,"UC"
"326","259460_at","AT1G44000","AT1G44000",0.20205333,0.15,"MC"
"327","259520_at","AT1G12320","AT1G12320",-0.36352333,-0.558,"MC"
"328","259548_at","MLP165","AT1G35260",0.45388333,0.457,"MC"
"329","259549_at","AT1G35290","AT1G35290",-0.26509667,-0.353,"MC"
"330","259570_at","COR47","AT1G20440",-0.37763333,-0.516,"MC"
"331","259592_at","LTPG1","AT1G27950",-0.23361667,0.461,"MC"
"332","259596_at","GH3.17","AT1G28130",1.02419,0.82,"UC"
"333","259612_at","AT1G52300","AT1G52300",0.30553333,0.738,"UC"
"334","259735_at","AT1G64405","AT1G64405",0.54655,0.61,"MC"
"335","259751_at","MYBL2","AT1G71030",-0.27624,-0.571,"MC"
"336","259766_at","AT1G64360","AT1G64360",-0.44193,-0.611,"MC"
"337","259841_at","AT1G52200","AT1G52200",0.73328333,0.287,"MC"
"338","259925_at","PR5","AT1G75040",0.52466,1.42,"UC"
"339","259976_at","CP12-3","AT1G76560",-0.24342333,-0.726,"MC"
"340","259977_at","AT1G76590","AT1G76590",-0.44391333,-1.27,"MC"
"341","259982_at","ATL8","AT1G76410",-0.27654333,-0.726,"MC"
"342","259990_s_at","FKF1","AT1G68050",-0.57126333,-0.557,"MC"
"343","260015_at","CCOAMT","AT1G67980",1.28102667,0.756,"UC"
"344","260046_at","AT1G73805","AT1G73805",-0.22220333,-0.277,"MC"
"345","260048_at","AT1G73750","AT1G73750",-0.37451,-0.981,"MC"
"346","260095_at","AT1G73230","AT1G73230",0.30107333,0.71,"UC"
"347","260155_at","AT1G52870","AT1G52870",-0.22564667,-0.578,"MC"
"348","260181_at","GH9B1","AT1G70710",0.5216,0.591,"UC"
"349","260203_at","NAC019","AT1G52890",-0.78846,-0.876,"MC"
"350","260267_at","KCS6","AT1G68530",-0.21768333,-0.387,"UC"
"351","260274_at","NHO1","AT1G80460",0.32035667,0.221,"UC"
"352","260287_at","AT1G80440","AT1G80440",-0.45375,-1.74,"MC"
"353","260335_at","SS3","AT1G74000",-0.41405333,-0.485,"MC"
"354","260394_at","MYB122","AT1G74080",0.36397333,0.349,"MC"
"355","260406_at","GSTU12","AT1G69920",0.57072667,0.448,"MC"
"356","260495_at","AT2G41810","AT2G41810",0.40671333,0.365,"MC"
"357","260508_at","GAMMA CA2","AT1G47260",0.18654667,0.413,"UC"
"358","260551_at","TI1","AT2G43510",0.7314,0.478,"MC"
"359","260556_at","AT2G43620","AT2G43620",1.72048333,1.59,"UC"
"360","260557_at","AT2G43610","AT2G43610",2.61963667,2.1,"UC"
"361","260560_at","AT2G43590","AT2G43590",0.34806333,1.27,"UC"
"362","260568_at","CHI","AT2G43570",1.50637333,1.77,"UC"
"363","260582_at","AT2G47200","AT2G47200",-0.51797,-1.25,"MC"
"364","260592_at","CSLE1","AT1G55850",0.61499333,0.471,"MC"
"365","260602_at","SERAT2;1","AT1G55920",0.38963667,0.54,"UC"
"366","260636_at","CDS1","AT1G62430",-0.25721,-0.479,"UC"
"367","260653_at","PKp3","AT1G32440",-0.17357333,-0.177,"UC"
"368","260663_at","NFD5","AT1G19520",0.17975667,0.507,"MC"
"369","260683_at","HLL","AT1G17560",0.21492333,0.458,"UC"
"370","260714_at","CPN10","AT1G14980",0.34159333,0.961,"UC"
"371","260746_at","GSTU19","AT1G78380",0.2783,0.284,"MC"
"372","260753_at","AT1G49230","AT1G49230",-0.43910667,-0.775,"MC"
"373","260784_at","MYB13","AT1G06180",0.33613667,0.422,"MC"
"374","260804_at","AT1G78410","AT1G78410",0.52341667,0.401,"MC"
"375","260882_at","WRKY65","AT1G29280",0.56718333,0.75,"MC"
"376","260895_at","AT1G29250","AT1G29250",0.24475333,0.883,"UC"
"377","260903_at","AT1G02460","AT1G02460",-0.29641,-0.477,"MC"
"378","260910_at","IMPA-6","AT1G02690",0.21361333,0.576,"UC"
"379","260915_at","AT1G02660","AT1G02660",-0.28493667,-0.489,"MC"
"380","261000_at","AT1G26540","AT1G26540",0.18716333,0.387,"MC"
"381","261005_at","AT1G26420","AT1G26420",0.95163667,0.58,"UC"
"382","261075_at","AT1G07280","AT1G07280",-0.29376333,-0.843,"MC"
"383","261228_at","HYD1","AT1G20050",0.22714333,0.5,"UC"
"384","261298_at","AT1G48510","AT1G48510",0.26020667,0.197,"UC"
"385","261346_at","AT1G79720","AT1G79720",0.25585667,0.729,"MC"
"386","261395_at","AT1G79700","AT1G79700",-0.36640333,-0.52,"MC"
"387","261431_at","MYB47","AT1G18710",-0.34187,-0.34,"MC"
"388","261441_at","NAC010","AT1G28470",-0.33177,-0.569,"MC"
"389","261453_at","AT1G21130","AT1G21130",0.22753,0.188,"MC"
"390","261492_at","SBH2","AT1G14290",0.37469333,0.562,"UC"
"391","261563_at","AT1G01630","AT1G01630",-0.27188333,-0.266,"UC"
"392","261570_at","KCS1","AT1G01120",-0.36896667,-0.895,"UC"
"393","261614_at","PAB8","AT1G49760",0.27114667,0.546,"UC"
"394","261660_at","HIK","AT1G18370",0.30362,0.646,"MC"
"395","261780_at","CYCB2;4","AT1G76310",0.20525333,0.423,"MC"
"396","261792_at","CCR1","AT1G15950",-0.2771,-0.299,"UC"
"397","261807_at","AT1G30515","AT1G30515",0.26462,1.44,"MC"
"398","261826_at","PMEPCRA","AT1G11580",0.5094,0.363,"MC"
"399","261860_at","SCL5","AT1G50600",-0.21586,-0.488,"MC"
"400","261876_at","AT1G50590","AT1G50590",-0.43418667,-0.862,"UC"
"401","261930_at","AT1G22440","AT1G22440",0.55582667,0.806,"MC"
"402","261941_at","AT1G22490","AT1G22490",0.18958333,0.395,"MC"
"403","261979_at","NIA2","AT1G37130",0.98159667,0.891,"UC"
"404","262092_at","AT1G56150","AT1G56150",-0.65313667,-0.742,"MC"
"405","262163_at","AT1G77940","AT1G77940",0.27913333,0.673,"UC"
"406","262166_at","AT1G74840","AT1G74840",-0.26833333,-1.17,"MC"
"407","262215_at","AT1G74790","AT1G74790",0.25092,0.235,"UC"
"408","262235_at","AT1G48350","AT1G48350",0.28944,0.365,"UC"
"409","262254_at","GLIP5","AT1G53920",0.19136667,0.541,"MC"
"410","262260_at","MLP34","AT1G70850",0.87380667,0.886,"MC"
"411","262317_at","EDA4","AT2G48140",-0.53340333,-1.39,"MC"
"412","262349_at","AT2G48130","AT2G48130",-0.47923333,-1.21,"MC"
"413","262402_at","TOM6","AT1G49410",0.20269333,0.636,"MC"
"414","262452_at","AT1G11210","AT1G11210",-0.52555333,-0.711,"MC"
"415","262517_at","GSTU25","AT1G17180",-0.33314333,-0.493,"MC"
"416","262518_at","GSTU24","AT1G17170",0.41616333,0.492,"MC"
"417","262593_at","AT1G15120","AT1G15120",0.24446333,0.488,"UC"
"418","262605_at","AT1G15170","AT1G15170",0.22178,0.287,"UC"
"419","262615_at","ELF5A-1","AT1G13950",0.36746667,0.456,"UC"
"420","262629_at","ACD32.1","AT1G06460",-0.231,-0.606,"MC"
"421","262630_at","GPAT1","AT1G06520",-0.41502667,-0.753,"MC"
"422","262637_at","AT1G06640","AT1G06640",-0.46708,-0.732,"MC"
"423","262677_at","AT1G75860","AT1G75860",-0.17669,-0.188,"MC"
"424","262703_at","AT1G16510","AT1G16510",-0.38665333,-0.584,"MC"
"425","262793_at","CYP71B7","AT1G13110",0.60384333,0.44,"UC"
"426","263005_at","AT1G54540","AT1G54540",-0.7279,-1.45,"MC"
"427","263010_at","AT1G23330","AT1G23330",-0.43855,-0.722,"UC"
"428","263027_at","AT1G24010","AT1G24010",-0.26320333,-0.335,"MC"
"429","263073_at","AT2G17500","AT2G17500",0.51892333,1.03,"UC"
"430","263131_at","emb1473","AT1G78630",0.27598333,0.443,"MC"
"431","263228_at","AT1G30700","AT1G30700",1.14773333,0.716,"UC"
"432","263350_at","AGT","AT2G13360",-0.32702333,-1.08,"UC"
"433","263371_at","NOP10","AT2G20490",0.20377333,0.637,"UC"
"434","263415_at","EMB2762","AT2G17250",0.16882333,0.36,"UC"
"435","263449_at","AT2G31670","AT2G31670",0.23711333,0.32,"MC"
"436","263452_at","AT2G22190","AT2G22190",-0.21152667,-0.249,"UC"
"437","263491_at","PPC2","AT2G42600",-0.30047,-0.335,"UC"
"438","263495_at","COR15B","AT2G42530",-0.93401333,-1.38,"MC"
"439","263497_at","COR15A","AT2G42540",-0.74545333,-0.982,"MC"
"440","263574_at","AT2G16990","AT2G16990",-0.21127,-0.309,"UC"
"441","263668_at","AT1G04350","AT1G04350",-0.2253,-0.508,"MC"
"442","263691_at","AT1G26880","AT1G26880",0.2181,0.784,"UC"
"443","263807_at","AT2G04400","AT2G04400",0.51663,0.526,"UC"
"444","263825_at","LAC5","AT2G40370",-0.43564667,-0.88,"UC"
"445","263874_at","MGP1","AT2G21870",0.29813333,0.488,"MC"
"446","263882_at","RNR1","AT2G21790",0.24346333,0.807,"UC"
"447","263917_at","HRD","AT2G36450",-0.26303333,-0.395,"MC"
"448","263959_at","AT2G36210","AT2G36210",0.38554667,0.222,"MC"
"449","264005_at","AGP2","AT2G22470",-0.42683333,-0.44,"MC"
"450","264010_at","AT2G21100","AT2G21100",-0.64059667,-1.47,"MC"
"451","264052_at","CYP79B3","AT2G22330",0.62626667,0.438,"MC"
"452","264102_at","ECT8","AT1G79270",-0.23142333,-0.401,"MC"
"453","264119_at","MYB63","AT1G79180",-0.18089,-0.517,"MC"
"454","264143_at","MC5","AT1G79330",-0.19004667,-0.237,"UC"
"455","264146_at","CER1","AT1G02205",-0.48687667,-0.222,"MC"
"456","264217_at","AT1G60190","AT1G60190",-0.27873,-0.266,"MC"
"457","264339_at","TPS8","AT1G70290",-0.46696,-1.45,"UC"
"458","264342_at","AT1G12080","AT1G12080",0.60158,1.64,"MC"
"459","264433_at","BGLU45","AT1G61810",-0.70146333,-1.55,"UC"
"460","264469_at","LBD40","AT1G67100",0.33871667,0.274,"MC"
"461","264635_at","AT1G65500","AT1G65500",0.60253667,0.33,"MC"
"462","264652_at","ESL1","AT1G08920",-0.47832667,-0.738,"UC"
"463","264729_at","AT1G22990","AT1G22990",-0.58933667,-0.981,"MC"
"464","264802_at","SYP111","AT1G08560",0.36099333,0.68,"UC"
"465","264846_at","AT2G17850","AT2G17850",0.41522333,0.749,"UC"
"466","264887_at","AT1G23120","AT1G23120",-0.17304333,-0.352,"MC"
"467","264894_at","AT1G23040","AT1G23040",-0.18985,-0.346,"MC"
"468","264929_at","AT1G60730","AT1G60730",0.53327,0.532,"UC"
"469","264957_at","SKP2B","AT1G77000",-0.19571,-0.441,"MC"
"470","264987_at","AT1G27030","AT1G27030",0.68519333,0.466,"UC"
"471","264998_at","AT1G67330","AT1G67330",0.47291333,0.852,"MC"
"472","265014_at","AT1G24430","AT1G24430",-0.55761333,-0.988,"MC"
"473","265024_at","AT1G24600","AT1G24600",-0.32476667,-0.409,"MC"
"474","265042_at","AT1G04040","AT1G04040",0.35716333,0.57,"MC"
"475","265062_at","AT1G61550","AT1G61550",0.39061333,0.393,"MC"
"476","265075_at","AT1G55450","AT1G55450",0.59330333,0.392,"UC"
"477","265119_at","FMO GS-OX4","AT1G62570",-0.36836,-0.633,"UC"
"478","265208_at","AT2G36690","AT2G36690",0.30302333,0.204,"MC"
"479","265210_at","RPL24A","AT2G36620",0.19413333,0.862,"UC"
"480","265337_at","TTN5","AT2G18390",0.30353333,0.397,"UC"
"481","265341_at","AT2G18360","AT2G18360",-0.58441667,-0.879,"MC"
"482","265352_at","ROC3","AT2G16600",0.25883333,0.401,"UC"
"483","265414_at","AT2G16660","AT2G16660",-0.45143333,-1.13,"UC"
"484","265544_at","CNGC15","AT2G28260",-0.35361,-0.271,"MC"
"485","265586_at","PR-1-LIKE","AT2G19990",0.42704,1.68,"MC"
"486","265588_at","AT2G19970","AT2G19970",1.16503333,2.33,"MC"
"487","265680_at","AT2G32150","AT2G32150",-0.37431667,-1.08,"UC"
"488","265685_at","NAC038","AT2G24430",-0.22089333,-0.347,"MC"
"489","265922_at","AT2G18480","AT2G18480",-0.25973333,-0.396,"UC"
"490","265948_at","ACO1","AT2G19590",0.68929667,1.39,"MC"
"491","266001_at","HHP3","AT2G24150",0.30123333,0.284,"UC"
"492","266017_at","AT2G18690","AT2G18690",0.38097333,0.727,"MC"
"493","266021_at","AT2G05910","AT2G05910",-0.38821333,-0.795,"MC"
"494","266059_at","AT2G40765","AT2G40765",0.29221667,0.642,"MC"
"495","266123_at","AT2G45180","AT2G45180",0.61828,-0.781,"MC"
"496","266156_at","FRA8","AT2G28110",-0.29239333,-0.437,"UC"
"497","266167_at","YLS5","AT2G38860",0.95457,0.831,"UC"
"498","266168_at","AT2G38870","AT2G38870",0.43896667,0.215,"MC"
"499","266226_at","AT1G07820///AT1G07660///AT5G59970///AT5G59690///AT3G53730///AT3G46320///AT3G45930///HIS4","AT2G28740",0.20763,0.556,"UC"
"500","266253_at","HDT4","AT2G27840",0.17791667,0.956,"MC"
"501","266290_at","GSTU1","AT2G29490",0.50342667,0.674,"MC"
"502","266296_at","GSTU7","AT2G29420",0.41801667,0.548,"MC"
"503","266297_at","PCNA2","AT2G29570",0.28620667,0.791,"UC"
"504","266334_at","AT2G32380","AT2G32380",0.27053333,0.631,"UC"
"505","266353_at","MLP328","AT2G01520",0.79766333,0.674,"MC"
"506","266396_at","AT2G38790","AT2G38790",-0.25205333,-0.668,"MC"
"507","266428_at","AT2G07180","AT2G07180",0.39195333,0.229,"MC"
"508","266500_at","PLA2-ALPHA","AT2G06925",0.38784333,0.892,"MC"
"509","266514_at","AT2G47890","AT2G47890",-0.49915333,-0.735,"MC"
"510","266532_at","AT2G16890","AT2G16890",-0.21711667,-0.309,"MC"
"511","266597_at","WRKY43","AT2G46130",-0.29280333,-0.432,"MC"
"512","266613_at","AT2G14900","AT2G14900",0.67093333,0.628,"MC"
"513","266693_at","MIOX2","AT2G19800",-0.50998333,-1.21,"UC"
"514","266761_at","AT2G47130","AT2G47130",0.39903667,0.454,"UC"
"515","266890_at","MTACP-1","AT2G44620",0.23515333,0.357,"UC"
"516","266928_at","PMM","AT2G45790",0.21946667,0.432,"UC"
"517","266946_at","AT2G18890","AT2G18890",-0.18041333,-0.503,"MC"
"518","266959_at","MCM5","AT2G07690",0.19237667,0.558,"UC"
"519","266993_at","AT2G39210","AT2G39210",1.09902667,0.917,"UC"
"520","267144_at","GPAT6","AT2G38110",-0.36400333,-0.778,"MC"
"521","267154_at","GSTF10","AT2G30870",0.18006667,0.428,"UC"
"522","267288_at","AT2G23680","AT2G23680",0.39165,0.244,"MC"
"523","267298_at","BLH4","AT2G23760",-0.29854,-0.547,"MC"
"524","267377_at","KCS10","AT2G26250",-0.31076,-0.38,"MC"
"525","267496_at","AT2G30550","AT2G30550",-0.25873333,-0.324,"MC"
"526","267565_at","CYP71A12","AT2G30750",0.95330667,0.557,"UC"
"527","267567_at","CYP71A13","AT2G30770",2.26195333,2.45,"UC"
