"","ID","Description","GeneRatio","BgRatio","pvalue","p.adjust","qvalue","geneID","Count"
"GO:0015979","GO:0015979","photosynthesis","155/4858","222/21845",5.00167398681368e-52,1.1758935542999e-48,9.03986761616746e-49,"AT1G01790/AT1G05385/AT1G06430/AT1G06680/AT1G08380/AT1G11750/AT1G12000/AT1G12900/AT1G14150/AT1G15820/AT1G15980/AT1G16720/AT1G18730/AT1G19150/AT1G20020/AT1G20950/AT1G22700/AT1G27730/AT1G32060/AT1G32070/AT1G34000/AT1G42970/AT1G43670/AT1G45474/AT1G49975/AT1G50250/AT1G54500/AT1G54780/AT1G55370/AT1G55480/AT1G55670/AT1G60950/AT1G61520/AT1G61800/AT1G64150/AT1G64770/AT1G64810/AT1G64860/AT1G67740/AT1G67840/AT1G68830/AT1G70760/AT1G71500/AT1G73060/AT1G75690/AT1G76450/AT1G76550/AT1G76570/AT1G77090/AT1G79040/AT2G01590/AT2G05620/AT2G06520/AT2G18790/AT2G20890/AT2G21970/AT2G28605/AT2G30570/AT2G30950/AT2G34860/AT2G39470/AT2G40100/AT2G40300/AT2G45770/AT2G46820/AT2G47400/AT3G01440/AT3G01480/AT3G01500/AT3G03630/AT3G04790/AT3G08010/AT3G08940/AT3G11670/AT3G12780/AT3G14395/AT3G15095/AT3G15850/AT3G16250/AT3G21200/AT3G26650/AT3G27925/AT3G47470/AT3G50820/AT3G53920/AT3G54050/AT3G54110/AT3G54890/AT3G55250/AT3G55330/AT3G55800/AT3G56090/AT3G56650/AT3G58830/AT3G60370/AT3G60750/AT3G62410/AT4G01800/AT4G02260/AT4G02530/AT4G03280/AT4G04640/AT4G04850/AT4G05180/AT4G09650/AT4G10340/AT4G11960/AT4G18370/AT4G19100/AT4G21280/AT4G22890/AT4G23890/AT4G25910/AT4G27600/AT4G27800/AT4G30950/AT4G31390/AT4G33520/AT4G35250/AT4G35760/AT5G01500/AT5G01530/AT5G01920/AT5G02120/AT5G11450/AT5G15250/AT5G23440/AT5G24120/AT5G39830/AT5G42270/AT5G44650/AT5G52100/AT5G54270/AT5G57030/AT5G61410/AT5G64040/AT5G65810/AT5G66190/AT5G66570/ATCG00270/ATCG00280/ATCG00300/ATCG00340/ATCG00350/ATCG00440/ATCG00520/ATCG00540/ATCG00580/ATCG00680/ATCG00710/ATCG00720/ATCG00730/ATCG01060/ATCG01080/ATCG01100",155
"GO:0009657","GO:0009657","plastid organization","154/4858","302/21845",3.40891493018368e-28,2.00358975021546e-25,1.54029129871721e-25,"AT1G01790/AT1G03160/AT1G06430/AT1G06820/AT1G08540/AT1G09340/AT1G11750/AT1G12410/AT1G15510/AT1G32080/AT1G32500/AT1G35680/AT1G42550/AT1G44575/AT1G45230/AT1G48280/AT1G49970/AT1G50250/AT1G50840/AT1G50900/AT1G58070/AT1G61990/AT1G62010/AT1G62750/AT1G64500/AT1G64810/AT1G65260/AT1G66840/AT1G67440/AT1G68590/AT1G69200/AT1G69390/AT1G70200/AT1G71720/AT1G74730/AT1G75100/AT1G79600/AT1G79850/AT2G01110/AT2G04270/AT2G16365/AT2G17940/AT2G18710/AT2G20570/AT2G20890/AT2G21280/AT2G24060/AT2G25625/AT2G26300/AT2G28800/AT2G30170/AT2G30950/AT2G31040/AT2G31270/AT2G31530/AT2G31840/AT2G32480/AT2G33800/AT2G34860/AT2G36000/AT2G36250/AT2G38140/AT2G38370/AT2G39290/AT2G40480/AT2G41660/AT2G42540/AT2G45770/AT2G46340/AT2G46820/AT2G48120/AT3G06730/AT3G07700/AT3G08010/AT3G10670/AT3G12780/AT3G13190/AT3G23400/AT3G24590/AT3G25690/AT3G26900/AT3G29185/AT3G45780/AT3G46630/AT3G47450/AT3G47520/AT3G51720/AT3G53890/AT3G54090/AT3G54990/AT3G56290/AT3G56910/AT3G56940/AT3G57190/AT3G58830/AT3G62910/AT3G63140/AT3G63190/AT4G01150/AT4G01800/AT4G04850/AT4G13670/AT4G14870/AT4G16390/AT4G18160/AT4G20130/AT4G20360/AT4G22260/AT4G25910/AT4G26150/AT4G27670/AT4G27990/AT4G28740/AT4G31390/AT4G31780/AT4G33460/AT4G34090/AT4G37650/AT4G38160/AT5G02250/AT5G07900/AT5G10470/AT5G12130/AT5G13770/AT5G15250/AT5G15450/AT5G18570/AT5G19540/AT5G22370/AT5G22830/AT5G23120/AT5G23730/AT5G24020/AT5G24120/AT5G36170/AT5G42270/AT5G42310/AT5G44190/AT5G44650/AT5G45390/AT5G46290/AT5G46860/AT5G48470/AT5G50920/AT5G53280/AT5G54600/AT5G55580/AT5G56860/AT5G58140/AT5G58650/AT5G58770/AT5G61670/AT5G63420/AT5G65460",154
"GO:0009415","GO:0009415","response to water","149/4858","394/21845",1.24989281327021e-12,3.54252021897219e-10,2.72336842820536e-10,"AT1G01620/AT1G02205/AT1G02730/AT1G02820/AT1G05260/AT1G08810/AT1G09340/AT1G11755/AT1G12110/AT1G12480/AT1G15690/AT1G20440/AT1G20450/AT1G22190/AT1G27320/AT1G27730/AT1G30100/AT1G32080/AT1G32230/AT1G32560/AT1G32640/AT1G36060/AT1G44170/AT1G46768/AT1G47128/AT1G52340/AT1G52400/AT1G54160/AT1G56280/AT1G56600/AT1G61660/AT1G62660/AT1G64660/AT1G67360/AT1G68010/AT1G68820/AT1G69310/AT1G69600/AT1G69700/AT1G73330/AT1G76080/AT1G76180/AT1G77120/AT1G79410/AT1G79600/AT2G04030/AT2G05520/AT2G05620/AT2G17820/AT2G17840/AT2G20890/AT2G25180/AT2G28740/AT2G29130/AT2G31650/AT2G33380/AT2G35930/AT2G37040/AT2G37770/AT2G38750/AT2G40750/AT2G40880/AT2G41230/AT2G41540/AT2G41870/AT2G42540/AT2G42620/AT2G45960/AT2G46140/AT2G46590/AT2G47180/AT2G47780/AT3G05500/AT3G05640/AT3G09940/AT3G11020/AT3G11410/AT3G12490/AT3G13672/AT3G14080/AT3G14440/AT3G16800/AT3G19580/AT3G23050/AT3G23250/AT3G23830/AT3G23920/AT3G24140/AT3G24500/AT3G26090/AT3G26830/AT3G28270/AT3G29320/AT3G30775/AT3G44380/AT3G45140/AT3G46970/AT3G47600/AT3G51920/AT3G52450/AT3G53420/AT3G57540/AT3G59380/AT3G61430/AT3G61890/AT3G63520/AT4G02280/AT4G04330/AT4G05590/AT4G15910/AT4G17615/AT4G20260/AT4G23400/AT4G27410/AT4G31390/AT4G33950/AT4G34220/AT4G34240/AT5G01820/AT5G05860/AT5G06530/AT5G07690/AT5G08620/AT5G10230/AT5G13030/AT5G13330/AT5G14420/AT5G20830/AT5G23010/AT5G24030/AT5G24090/AT5G25610/AT5G27930/AT5G38710/AT5G44650/AT5G47120/AT5G49630/AT5G50720/AT5G52050/AT5G52440/AT5G58670/AT5G59310/AT5G59320/AT5G62470/AT5G63850/AT5G63980/AT5G64960/AT5G66880/AT5G67030",149
"GO:0009409","GO:0009409","response to cold","153/4858","418/21845",1.19857360056815e-11,2.16757425764286e-09,1.66635698151863e-09,"AT1G01060/AT1G01140/AT1G02270/AT1G03680/AT1G05140/AT1G05200/AT1G05260/AT1G05690/AT1G06960/AT1G07720/AT1G08810/AT1G09340/AT1G09560/AT1G09760/AT1G09780/AT1G10760/AT1G13980/AT1G14140/AT1G16880/AT1G17610/AT1G20440/AT1G20450/AT1G20823/AT1G21760/AT1G22190/AT1G22770/AT1G23740/AT1G27320/AT1G27730/AT1G31812/AT1G32060/AT1G33410/AT1G35680/AT1G42970/AT1G45474/AT1G46768/AT1G50460/AT1G55490/AT1G56600/AT1G61520/AT1G63940/AT1G67280/AT1G68530/AT1G70200/AT1G76180/AT1G77120/AT1G77490/AT1G79410/AT2G16280/AT2G17840/AT2G18790/AT2G19450/AT2G21060/AT2G23380/AT2G26250/AT2G27710/AT2G27720/AT2G28900/AT2G31180/AT2G33380/AT2G33800/AT2G36530/AT2G37190/AT2G37220/AT2G37770/AT2G38170/AT2G38750/AT2G39460/AT2G39730/AT2G40880/AT2G42530/AT2G42540/AT2G46090/AT2G46590/AT2G47180/AT2G47730/AT3G01500/AT3G02790/AT3G03050/AT3G04880/AT3G05890/AT3G06510/AT3G09200/AT3G09260/AT3G11410/AT3G12490/AT3G12780/AT3G14080/AT3G16450/AT3G16460/AT3G17020/AT3G20930/AT3G21300/AT3G22370/AT3G23000/AT3G23250/AT3G23700/AT3G23830/AT3G24440/AT3G26650/AT3G26744/AT3G47470/AT3G47520/AT3G48360/AT3G49910/AT3G54050/AT3G54890/AT3G55280/AT3G61580/AT3G62410/AT4G04330/AT4G09650/AT4G12470/AT4G15910/AT4G15920/AT4G17090/AT4G17615/AT4G20260/AT4G21150/AT4G24280/AT4G24770/AT4G28210/AT4G30200/AT4G35090/AT4G36930/AT4G37610/AT4G37930/AT4G38840/AT5G01820/AT5G06290/AT5G08620/AT5G10230/AT5G12250/AT5G13330/AT5G20250/AT5G20830/AT5G24090/AT5G37770/AT5G38480/AT5G50720/AT5G51820/AT5G52440/AT5G54770/AT5G58670/AT5G58770/AT5G61410/AT5G62390/AT5G62470/AT5G63770/AT5G63980/AT5G65430/ATCG00120/ATCG00480",153
"GO:0032787","GO:0032787","monocarboxylic acid metabolic process","174/4858","492/21845",1.32226504712646e-11,2.22046080413879e-09,1.70701435031288e-09,"AT1G01480/AT1G04640/AT1G04710/AT1G07720/AT1G08110/AT1G08550/AT1G08640/AT1G09780/AT1G10670/AT1G12050/AT1G13280/AT1G13440/AT1G13930/AT1G19250/AT1G20510/AT1G22170/AT1G24180/AT1G24360/AT1G28380/AT1G30100/AT1G43800/AT1G50460/AT1G52340/AT1G52400/AT1G55020/AT1G61850/AT1G63970/AT1G64190/AT1G64400/AT1G65290/AT1G65690/AT1G67080/AT1G67280/AT1G68530/AT1G70480/AT1G72520/AT1G73680/AT1G73805/AT1G74030/AT1G76150/AT1G77590/AT1G79700/AT1G80950/AT2G01140/AT2G04240/AT2G05990/AT2G06050/AT2G11810/AT2G15090/AT2G16280/AT2G16790/AT2G18790/AT2G18950/AT2G20610/AT2G21330/AT2G22780/AT2G24300/AT2G26250/AT2G26930/AT2G27150/AT2G29090/AT2G29980/AT2G31360/AT2G33380/AT2G34770/AT2G36530/AT2G37040/AT2G38010/AT2G43360/AT2G43710/AT2G45690/AT2G47240/AT3G01420/AT3G02360/AT3G02630/AT3G03710/AT3G04120/AT3G06350/AT3G06470/AT3G06650/AT3G07560/AT3G08590/AT3G10870/AT3G11670/AT3G12780/AT3G14110/AT3G14440/AT3G14990/AT3G15690/AT3G15850/AT3G19260/AT3G26744/AT3G29770/AT3G45140/AT3G47450/AT3G48460/AT3G48720/AT3G49160/AT3G50440/AT3G52430/AT3G52930/AT3G54010/AT3G56130/AT3G58750/AT3G62130/AT4G00360/AT4G05160/AT4G09900/AT4G14070/AT4G15440/AT4G15560/AT4G16800/AT4G18350/AT4G18360/AT4G20870/AT4G24510/AT4G25050/AT4G26520/AT4G26530/AT4G27030/AT4G29010/AT4G29220/AT4G30440/AT4G30950/AT4G31500/AT4G32770/AT4G33950/AT4G34250/AT4G34350/AT4G36830/AT4G37150/AT4G37770/AT4G38970/AT4G39030/AT4G39850/AT5G02890/AT5G03860/AT5G04230/AT5G04620/AT5G04760/AT5G06580/AT5G07010/AT5G08570/AT5G09660/AT5G10300/AT5G15530/AT5G20410/AT5G23190/AT5G27600/AT5G35360/AT5G38020/AT5G42650/AT5G46290/AT5G47120/AT5G47630/AT5G47720/AT5G48230/AT5G48840/AT5G48880/AT5G49460/AT5G50850/AT5G52810/AT5G57590/AT5G58310/AT5G58860/AT5G59770/AT5G60600/AT5G62470/AT5G62570/AT5G63560/AT5G63680/AT5G63980/AT5G65010/AT5G67030",174
"GO:0042440","GO:0042440","pigment metabolic process","79/4858","177/21845",2.68346125340278e-11,3.71299596750354e-09,2.85442435523678e-09,"AT1G03475/AT1G03630/AT1G06820/AT1G09530/AT1G10670/AT1G12910/AT1G19670/AT1G27320/AT1G27450/AT1G30530/AT1G31800/AT1G56650/AT1G63970/AT1G64520/AT1G69690/AT1G69720/AT1G71030/AT2G20180/AT2G20570/AT2G20890/AT2G25180/AT2G26170/AT2G26670/AT2G28350/AT2G30390/AT2G32950/AT2G40490/AT2G43000/AT2G48120/AT3G02780/AT3G03710/AT3G04870/AT3G10230/AT3G11945/AT3G14110/AT3G21200/AT3G21560/AT3G44880/AT3G48730/AT3G51820/AT3G53130/AT3G56940/AT4G13250/AT4G14210/AT4G15560/AT4G17600/AT4G17880/AT4G18480/AT4G22260/AT4G22920/AT4G25700/AT4G26150/AT4G27430/AT4G27830/AT4G31390/AT4G37000/AT5G04900/AT5G05860/AT5G06130/AT5G13630/AT5G13680/AT5G13800/AT5G16440/AT5G17230/AT5G43430/AT5G44190/AT5G45930/AT5G47110/AT5G47990/AT5G49660/AT5G50920/AT5G54160/AT5G56860/AT5G57030/AT5G58250/AT5G61670/AT5G63590/AT5G63600/AT5G67030",79
"GO:0016108","GO:0016108","tetraterpenoid metabolic process","26/4858","34/21845",2.68485459155934e-11,3.71299596750354e-09,2.85442435523678e-09,"AT1G06820/AT1G08550/AT1G10670/AT1G31800/AT1G63970/AT1G67080/AT2G26170/AT2G26670/AT2G48120/AT3G03710/AT3G04870/AT3G10230/AT3G11945/AT3G53130/AT3G63520/AT4G00370/AT4G14210/AT4G22260/AT4G25700/AT4G31390/AT4G32770/AT5G06130/AT5G17230/AT5G57030/AT5G61670/AT5G67030",26
"GO:0016116","GO:0016116","carotenoid metabolic process","26/4858","34/21845",2.68485459155934e-11,3.71299596750354e-09,2.85442435523678e-09,"AT1G06820/AT1G08550/AT1G10670/AT1G31800/AT1G63970/AT1G67080/AT2G26170/AT2G26670/AT2G48120/AT3G03710/AT3G04870/AT3G10230/AT3G11945/AT3G53130/AT3G63520/AT4G00370/AT4G14210/AT4G22260/AT4G25700/AT4G31390/AT4G32770/AT5G06130/AT5G17230/AT5G57030/AT5G61670/AT5G67030",26
"GO:0019748","GO:0019748","secondary metabolic process","134/4858","360/21845",6.01911357114596e-11,7.07546800288208e-09,5.43937789560927e-09,"AT1G02950/AT1G04710/AT1G07640/AT1G10360/AT1G12140/AT1G12160/AT1G12630/AT1G13930/AT1G16490/AT1G17170/AT1G17180/AT1G18590/AT1G24100/AT1G24625/AT1G32640/AT1G52340/AT1G52400/AT1G54040/AT1G59670/AT1G59700/AT1G61820/AT1G62560/AT1G64160/AT1G65690/AT1G68320/AT1G68360/AT1G69920/AT1G69930/AT1G71030/AT1G72680/AT1G73270/AT1G74090/AT1G74100/AT1G74590/AT1G76790/AT1G79180/AT2G14750/AT2G20610/AT2G22420/AT2G22920/AT2G22970/AT2G22980/AT2G22990/AT2G29440/AT2G29460/AT2G29470/AT2G29480/AT2G29490/AT2G30490/AT2G30770/AT2G30860/AT2G35450/AT2G37040/AT2G37360/AT2G40890/AT2G43000/AT2G43100/AT2G44130/AT2G44490/AT2G46590/AT2G47730/AT3G03190/AT3G09260/AT3G09270/AT3G10450/AT3G11430/AT3G11580/AT3G11670/AT3G13610/AT3G16340/AT3G19450/AT3G19710/AT3G19820/AT3G21240/AT3G21560/AT3G22890/AT3G23590/AT3G26744/AT3G26830/AT3G28920/AT3G44320/AT3G44540/AT3G44550/AT3G50740/AT3G52430/AT3G53510/AT3G58990/AT3G60120/AT3G60130/AT3G60140/AT4G01070/AT4G12030/AT4G13430/AT4G13660/AT4G13770/AT4G14680/AT4G19370/AT4G23690/AT4G30530/AT4G30550/AT4G31500/AT4G34050/AT4G36220/AT4G37400/AT4G37410/AT4G37430/AT4G37750/AT4G38620/AT4G39230/AT4G39940/AT5G03260/AT5G04230/AT5G04760/AT5G05340/AT5G07690/AT5G13330/AT5G13580/AT5G22500/AT5G23010/AT5G23190/AT5G41040/AT5G43780/AT5G48880/AT5G49660/AT5G52240/AT5G54160/AT5G58860/AT5G60020/AT5G61420/AT5G62470/AT5G62480/AT5G63560/AT5G65410/AT5G65640",134
"GO:0009642","GO:0009642","response to light intensity","69/4858","153/21845",2.70726711122512e-10,2.89308408113193e-08,2.22410412917394e-08,"AT1G02330/AT1G06430/AT1G08810/AT1G09570/AT1G10522/AT1G11755/AT1G27730/AT1G31812/AT1G34000/AT1G45474/AT1G50250/AT1G54520/AT1G55480/AT1G58340/AT1G60950/AT1G61520/AT1G61800/AT1G64520/AT1G67740/AT1G68830/AT1G71030/AT1G79600/AT2G05620/AT2G06850/AT2G17840/AT2G18790/AT2G21970/AT2G26300/AT2G30950/AT2G32950/AT2G33390/AT2G39460/AT2G42540/AT2G43010/AT3G02730/AT3G02790/AT3G03630/AT3G06850/AT3G15850/AT3G47470/AT3G50820/AT3G54890/AT3G55280/AT3G59060/AT3G59220/AT3G62030/AT4G01800/AT4G04850/AT4G14890/AT4G15920/AT4G22260/AT4G30950/AT4G32770/AT4G33950/AT4G34190/AT4G37270/AT5G02120/AT5G07690/AT5G08560/AT5G15250/AT5G16400/AT5G18100/AT5G24090/AT5G37770/AT5G42270/AT5G46110/AT5G54270/AT5G64940/AT5G66570",69
"GO:0042273","GO:0042273","ribosomal large subunit biogenesis","47/4858","97/21845",1.13094091681367e-08,9.84756331640347e-07,7.57046999676051e-07,"AT1G02870/AT1G07070/AT1G08360/AT1G14320/AT1G18540/AT1G26910/AT1G32990/AT1G43170/AT1G52930/AT1G66580/AT2G01250/AT2G18220/AT2G20450/AT2G27530/AT2G36620/AT2G37190/AT2G39390/AT2G39460/AT2G39820/AT2G42740/AT2G44120/AT2G47610/AT3G09200/AT3G09500/AT3G11250/AT3G13580/AT3G22660/AT3G25520/AT3G49910/AT3G53020/AT3G53430/AT3G55280/AT3G55510/AT3G58700/AT3G62870/AT4G01310/AT4G09730/AT4G22380/AT4G27090/AT5G02610/AT5G04600/AT5G08180/AT5G22440/AT5G39740/AT5G60670/AT5G61770/AT5G67510",47
"GO:0015994","GO:0015994","chlorophyll metabolic process","41/4858","81/21845",1.9700049689165e-08,1.59706264893886e-06,1.22776716211602e-06,"AT1G03630/AT1G08550/AT1G10670/AT1G19670/AT1G27320/AT1G63970/AT2G20180/AT2G20570/AT2G20890/AT2G25180/AT2G40490/AT3G01910/AT3G02780/AT3G03710/AT3G14110/AT3G44880/AT3G48730/AT3G51820/AT3G56940/AT4G13250/AT4G15560/AT4G17600/AT4G18480/AT4G22920/AT4G26150/AT4G27430/AT4G31390/AT4G32770/AT4G37000/AT5G04900/AT5G13630/AT5G13800/AT5G16440/AT5G38520/AT5G43430/AT5G44190/AT5G45930/AT5G47110/AT5G50920/AT5G56860/AT5G58250",41
"GO:0006979","GO:0006979","response to oxidative stress","151/4858","456/21845",4.60092258450006e-08,3.03660880666138e-06,2.334441031157e-06,"AT1G03680/AT1G03850/AT1G05260/AT1G05690/AT1G09210/AT1G09970/AT1G12480/AT1G13340/AT1G13440/AT1G15520/AT1G22770/AT1G27730/AT1G31170/AT1G32220/AT1G32230/AT1G32640/AT1G35580/AT1G35910/AT1G44970/AT1G52760/AT1G53670/AT1G56560/AT1G56600/AT1G56650/AT1G60470/AT1G63460/AT1G64360/AT1G66330/AT1G68850/AT1G71695/AT1G72520/AT1G73260/AT1G73680/AT1G76080/AT1G77120/AT1G77370/AT1G77490/AT1G78410/AT1G79600/AT1G80130/AT2G01140/AT2G04795/AT2G05590/AT2G06050/AT2G18170/AT2G19310/AT2G19590/AT2G20270/AT2G21195/AT2G21640/AT2G22420/AT2G25080/AT2G26150/AT2G31570/AT2G35510/AT2G37040/AT2G37130/AT2G39460/AT2G40300/AT2G40750/AT2G40880/AT2G47180/AT3G01420/AT3G02790/AT3G03190/AT3G03670/AT3G04120/AT3G06930/AT3G07700/AT3G12490/AT3G13610/AT3G14110/AT3G14990/AT3G15360/AT3G17790/AT3G17800/AT3G21770/AT3G23400/AT3G25250/AT3G26060/AT3G28340/AT3G30775/AT3G47450/AT3G48090/AT3G48360/AT3G49960/AT3G55280/AT3G56090/AT3G57520/AT3G62030/AT3G63080/AT4G02580/AT4G04830/AT4G08770/AT4G08780/AT4G09010/AT4G11010/AT4G11600/AT4G12000/AT4G17040/AT4G20830/AT4G21860/AT4G23190/AT4G25130/AT4G30170/AT4G31390/AT4G31870/AT4G32320/AT4G32770/AT4G33420/AT4G33630/AT4G34540/AT4G35000/AT4G35090/AT4G35970/AT4G37610/AT5G01820/AT5G05340/AT5G06290/AT5G06720/AT5G07460/AT5G13240/AT5G13650/AT5G13680/AT5G14130/AT5G18100/AT5G19875/AT5G20140/AT5G20250/AT5G20500/AT5G27600/AT5G28030/AT5G37670/AT5G37770/AT5G39610/AT5G40150/AT5G40370/AT5G43750/AT5G44380/AT5G44650/AT5G47650/AT5G50350/AT5G51890/AT5G57345/AT5G59080/AT5G60640/AT5G61640/AT5G63030/AT5G63310/AT5G63980/AT5G64940",151
"GO:0044262","GO:0044262","cellular carbohydrate metabolic process","137/4858","405/21845",4.60864017628668e-08,3.03660880666138e-06,2.334441031157e-06,"AT1G02640/AT1G02730/AT1G06490/AT1G07640/AT1G09780/AT1G09960/AT1G10550/AT1G10670/AT1G10760/AT1G11545/AT1G12240/AT1G15690/AT1G16340/AT1G22710/AT1G27070/AT1G30620/AT1G31190/AT1G32170/AT1G32900/AT1G35580/AT1G35910/AT1G43670/AT1G48430/AT1G51420/AT1G56560/AT1G62660/AT1G63290/AT1G64190/AT1G66570/AT1G67140/AT1G69830/AT1G70230/AT1G71100/AT1G71930/AT1G73370/AT1G77460/AT1G78060/AT1G78090/AT1G78580/AT1G79500/AT1G80460/AT2G01940/AT2G06850/AT2G14750/AT2G15390/AT2G16790/AT2G19800/AT2G22190/AT2G22240/AT2G28110/AT2G31390/AT2G31960/AT2G36390/AT2G36870/AT2G40840/AT2G43000/AT3G01180/AT3G02360/AT3G03050/AT3G03710/AT3G08590/AT3G10370/AT3G23920/AT3G28150/AT3G29320/AT3G29810/AT3G43190/AT3G46970/AT3G47450/AT3G48580/AT3G50220/AT3G52180/AT3G52340/AT3G54050/AT3G55760/AT3G55800/AT3G57420/AT3G59100/AT3G59480/AT4G02280/AT4G03550/AT4G05090/AT4G09020/AT4G09510/AT4G10260/AT4G17090/AT4G18010/AT4G20460/AT4G23990/AT4G24000/AT4G24040/AT4G25810/AT4G25840/AT4G26260/AT4G30270/AT4G30280/AT4G30290/AT4G32190/AT4G33950/AT4G39210/AT4G39800/AT4G39940/AT5G01620/AT5G03420/AT5G03860/AT5G04360/AT5G07690/AT5G09290/AT5G10560/AT5G13000/AT5G15070/AT5G17310/AT5G17520/AT5G19220/AT5G20280/AT5G20830/AT5G22510/AT5G26570/AT5G39790/AT5G40870/AT5G41040/AT5G44480/AT5G48070/AT5G48300/AT5G51460/AT5G51820/AT5G55480/AT5G57440/AT5G61410/AT5G61420/AT5G62380/AT5G62710/AT5G63980/AT5G64380/AT5G64570/AT5G64860/AT5G67210",137
"GO:0080167","GO:0080167","response to karrikin","56/4858","128/21845",4.64984759846064e-08,3.03660880666138e-06,2.334441031157e-06,"AT1G01300/AT1G06550/AT1G07440/AT1G10960/AT1G17200/AT1G22770/AT1G25520/AT1G30530/AT1G33590/AT1G44575/AT1G50900/AT1G61800/AT1G66390/AT1G71100/AT1G74670/AT1G80460/AT2G16365/AT2G16660/AT2G26250/AT2G29980/AT2G30490/AT2G34650/AT2G36080/AT2G37040/AT2G41040/AT2G46170/AT2G47730/AT3G02910/AT3G13790/AT3G19450/AT3G21560/AT3G44450/AT3G44720/AT3G45060/AT3G47470/AT3G47600/AT3G52930/AT3G55720/AT3G57520/AT4G03280/AT4G13510/AT4G24110/AT4G27030/AT4G31870/AT4G37370/AT4G37470/AT4G38210/AT5G05600/AT5G07460/AT5G18470/AT5G20250/AT5G48500/AT5G51550/AT5G62680/AT5G64410/AT5G66920",56
"GO:1901615","GO:1901615","organic hydroxy compound metabolic process","115/4858","329/21845",7.74682505932798e-08,4.79283834591581e-06,3.68457025674963e-06,"AT1G04010/AT1G08110/AT1G11680/AT1G11755/AT1G12050/AT1G13930/AT1G20050/AT1G20330/AT1G28380/AT1G30100/AT1G30530/AT1G31190/AT1G43620/AT1G43710/AT1G48430/AT1G52340/AT1G52400/AT1G54570/AT1G64160/AT1G64970/AT1G65690/AT1G65930/AT1G67080/AT1G67280/AT1G71030/AT1G73805/AT1G74340/AT1G76090/AT1G78490/AT1G78620/AT1G80460/AT2G04240/AT2G17370/AT2G18790/AT2G18950/AT2G19800/AT2G22240/AT2G24300/AT2G26710/AT2G27150/AT2G29090/AT2G32440/AT2G33380/AT2G34490/AT2G37040/AT2G38010/AT2G38050/AT2G46090/AT3G01420/AT3G06350/AT3G07020/AT3G09810/AT3G10370/AT3G10870/AT3G14440/AT3G14990/AT3G19820/AT3G23410/AT3G26744/AT3G29770/AT3G30180/AT3G48720/AT3G50440/AT3G51970/AT3G52430/AT3G63410/AT4G05090/AT4G09900/AT4G12110/AT4G15440/AT4G17600/AT4G18010/AT4G18350/AT4G18360/AT4G23690/AT4G25840/AT4G26260/AT4G31910/AT4G32770/AT4G33360/AT4G37150/AT4G37760/AT4G38620/AT4G39030/AT4G39800/AT5G04490/AT5G04760/AT5G06580/AT5G09290/AT5G10300/AT5G13710/AT5G14590/AT5G15070/AT5G24150/AT5G24160/AT5G42650/AT5G47110/AT5G47990/AT5G48000/AT5G48230/AT5G49970/AT5G50375/AT5G53580/AT5G54160/AT5G57440/AT5G58310/AT5G58730/AT5G58770/AT5G62470/AT5G62570/AT5G63560/AT5G63590/AT5G63600/AT5G63980/AT5G67030",115
"GO:0045454","GO:0045454","cell redox homeostasis","60/4858","143/21845",9.84435059807956e-08,5.78601706402126e-06,4.4480920991849e-06,"AT1G03680/AT1G03850/AT1G07700/AT1G07960/AT1G11530/AT1G21350/AT1G28480/AT1G32760/AT1G43560/AT1G50320/AT1G52260/AT1G53300/AT1G56500/AT1G62180/AT1G64500/AT1G67740/AT1G69880/AT1G76080/AT1G76760/AT1G77370/AT2G20270/AT2G38270/AT2G42580/AT2G47880/AT3G02000/AT3G02730/AT3G03860/AT3G06730/AT3G14395/AT3G15360/AT3G26060/AT3G50960/AT3G51030/AT3G54900/AT3G54960/AT3G58620/AT3G62960/AT4G04610/AT4G27080/AT4G29670/AT4G31240/AT4G33040/AT4G34120/AT4G35090/AT4G37200/AT5G03880/AT5G04260/AT5G06290/AT5G11930/AT5G13810/AT5G15230/AT5G16400/AT5G20500/AT5G40370/AT5G42850/AT5G54290/AT5G60640/AT5G61440/AT5G63030/AT5G66410",60
"GO:0005996","GO:0005996","monosaccharide metabolic process","50/4858","112/21845",1.10326607505006e-07,6.26633799880367e-06,4.81734641202888e-06,"AT1G09340/AT1G09780/AT1G12900/AT1G13440/AT1G16340/AT1G24280/AT1G30620/AT1G42970/AT1G43670/AT1G56600/AT1G63290/AT1G73250/AT1G79500/AT2G01140/AT2G04650/AT2G21330/AT2G28760/AT2G31390/AT2G45790/AT2G46750/AT2G46760/AT2G47180/AT3G04120/AT3G08590/AT3G12780/AT3G26650/AT3G26720/AT3G27300/AT3G52930/AT3G54050/AT3G55800/AT3G59480/AT4G10260/AT4G16130/AT4G20460/AT4G26260/AT4G26520/AT4G26530/AT4G26850/AT4G30440/AT4G33670/AT4G38970/AT5G13980/AT5G28840/AT5G40760/AT5G44480/AT5G59290/AT5G61410/AT5G64380/AT5G64860",50
"GO:0051301","GO:0051301","cell division","94/4858","260/21845",2.01816953217393e-07,1.05438146003131e-05,8.10572417951494e-06,"AT1G01370/AT1G02730/AT1G04750/AT1G09630/AT1G13980/AT1G14580/AT1G18370/AT1G20700/AT1G46264/AT1G50240/AT1G53140/AT1G54960/AT1G55180/AT1G69390/AT1G69690/AT1G69770/AT1G71440/AT1G78580/AT1G78770/AT1G80370/AT2G01210/AT2G01570/AT2G02080/AT2G24970/AT2G25880/AT2G28350/AT2G28620/AT2G35190/AT2G35630/AT2G41230/AT2G45160/AT2G45490/AT3G03050/AT3G05750/AT3G09730/AT3G10220/AT3G15770/AT3G16320/AT3G17360/AT3G21220/AT3G21510/AT3G22780/AT3G23670/AT3G24140/AT3G25520/AT3G33520/AT3G44050/AT3G48150/AT3G50960/AT3G51800/AT3G54220/AT3G55005/AT3G56370/AT3G58650/AT3G60630/AT3G60660/AT3G63130/AT4G00100/AT4G17980/AT4G22270/AT4G22970/AT4G23990/AT4G24000/AT4G26760/AT4G30080/AT4G30290/AT4G32730/AT4G32830/AT4G37650/AT4G37750/AT4G39920/AT5G09810/AT5G10470/AT5G11040/AT5G11510/AT5G13680/AT5G17800/AT5G18580/AT5G22370/AT5G24020/AT5G28640/AT5G38110/AT5G39740/AT5G44160/AT5G49160/AT5G50320/AT5G50375/AT5G51600/AT5G54440/AT5G56580/AT5G61040/AT5G61480/AT5G62440/AT5G66410",94
"GO:0006739","GO:0006739","NADP metabolic process","25/4858","43/21845",3.76617306634475e-07,1.84464018312011e-05,1.41809630590218e-05,"AT1G21640/AT1G24280/AT1G55670/AT1G63290/AT1G64190/AT1G65930/AT1G71100/AT2G01140/AT2G21330/AT3G02360/AT3G04790/AT3G20790/AT3G27300/AT3G49360/AT3G52930/AT3G60750/AT4G26520/AT4G38970/AT5G14590/AT5G24400/AT5G24420/AT5G40760/AT5G44520/AT5G49970/AT5G61410",25
"GO:0019685","GO:0019685","photosynthesis, dark reaction","13/4858","16/21845",9.01399432766832e-07,3.99847182346193e-05,3.07388843308967e-05,"AT1G12900/AT1G32060/AT1G42970/AT2G47400/AT3G04790/AT3G12780/AT3G26650/AT3G53920/AT3G54050/AT3G55800/AT3G60750/AT3G62410/AT5G61410",13
"GO:0071365","GO:0071365","cellular response to auxin stimulus","42/4858","94/21845",1.08287269369811e-06,4.61064486189166e-05,3.54450613529203e-05,"AT1G04250/AT1G14000/AT1G23080/AT1G34670/AT1G70940/AT1G71930/AT2G01950/AT2G28350/AT2G34650/AT2G36910/AT2G42580/AT2G43010/AT2G44830/AT2G47000/AT3G03660/AT3G48360/AT3G51670/AT3G51800/AT3G53020/AT3G53480/AT3G59060/AT3G63300/AT4G16340/AT4G17980/AT4G23570/AT4G30290/AT5G01270/AT5G10510/AT5G13680/AT5G13790/AT5G16530/AT5G17300/AT5G43870/AT5G47370/AT5G48070/AT5G50320/AT5G54500/AT5G54510/AT5G57390/AT5G63310/AT5G65510/AT5G65670",42
"GO:0009743","GO:0009743","response to carbohydrate","62/4858","159/21845",1.31130746331382e-06,5.22522685805217e-05,4.01697576183733e-05,"AT1G01140/AT1G08810/AT1G10760/AT1G12000/AT1G16610/AT1G16880/AT1G18080/AT1G20950/AT1G22160/AT1G22500/AT1G27320/AT1G42970/AT1G43670/AT1G52340/AT1G56650/AT1G61800/AT1G69780/AT1G74670/AT1G76550/AT1G77120/AT1G78580/AT2G19450/AT2G20890/AT2G26300/AT2G28350/AT2G28900/AT2G41870/AT2G47400/AT3G04120/AT3G06850/AT3G12700/AT3G22550/AT3G26090/AT3G26650/AT3G48360/AT3G49620/AT3G52430/AT3G57540/AT3G60140/AT3G62030/AT3G62410/AT4G02060/AT4G02280/AT4G15900/AT4G15920/AT4G20260/AT4G22970/AT4G27750/AT4G34160/AT4G38630/AT5G01820/AT5G04140/AT5G20250/AT5G20700/AT5G20830/AT5G23750/AT5G24800/AT5G45890/AT5G47060/AT5G56860/AT5G65420/AT5G67030",62
"GO:0006820","GO:0006820","anion transport","104/4858","306/21845",1.43301218353308e-06,5.61501940581045e-05,4.31663494583561e-05,"AT1G05940/AT1G06470/AT1G12110/AT1G12480/AT1G15520/AT1G17610/AT1G17840/AT1G18880/AT1G20823/AT1G22540/AT1G24400/AT1G25530/AT1G30400/AT1G32450/AT1G44800/AT1G47670/AT1G51340/AT1G61800/AT1G63010/AT1G64650/AT1G68600/AT1G69870/AT1G71960/AT1G72140/AT1G72700/AT1G77990/AT1G78610/AT1G79900/AT1G80310/AT1G80760/AT2G01170/AT2G16990/AT2G17270/AT2G24762/AT2G25680/AT2G26900/AT2G32830/AT2G34960/AT2G36590/AT2G39890/AT2G40420/AT2G47160/AT2G48130/AT3G01280/AT3G01970/AT3G03720/AT3G06450/AT3G13050/AT3G16180/AT3G19490/AT3G25610/AT3G26570/AT3G27870/AT3G45060/AT3G45780/AT3G47960/AT3G48850/AT3G51895/AT3G54110/AT3G55740/AT3G56200/AT3G62270/AT4G00370/AT4G05590/AT4G10380/AT4G17970/AT4G18910/AT4G23010/AT4G23650/AT4G24460/AT4G25760/AT4G29070/AT4G38250/AT4G39390/AT4G39850/AT5G01340/AT5G02180/AT5G04770/AT5G09220/AT5G10180/AT5G14570/AT5G19500/AT5G20480/AT5G23810/AT5G24030/AT5G36940/AT5G40670/AT5G41800/AT5G46110/AT5G47560/AT5G49630/AT5G49660/AT5G50200/AT5G50800/AT5G52050/AT5G54800/AT5G58140/AT5G60780/AT5G61810/AT5G62290/AT5G62680/AT5G62720/AT5G63850/AT5G65990",104
"GO:0071478","GO:0071478","cellular response to radiation","47/4858","111/21845",1.68919965614415e-06,6.5103416255654e-05,5.00492805798016e-05,"AT1G07180/AT1G08540/AT1G09530/AT1G09570/AT1G10470/AT1G14320/AT1G48050/AT1G54160/AT1G64860/AT1G68010/AT1G75100/AT1G78650/AT2G05620/AT2G18790/AT2G20180/AT2G21970/AT2G26300/AT2G26670/AT2G30170/AT2G36890/AT2G36990/AT2G39840/AT2G42540/AT2G42690/AT2G43010/AT2G46340/AT2G46590/AT2G48120/AT3G02680/AT3G05210/AT3G44450/AT3G45780/AT3G53920/AT3G59060/AT3G59220/AT4G16250/AT4G33950/AT4G34190/AT4G38740/AT5G08740/AT5G13730/AT5G18100/AT5G24120/AT5G35840/AT5G48150/AT5G59560/AT5G63310",47
"GO:0007017","GO:0007017","microtubule-based process","78/4858","219/21845",4.05180475200869e-06,0.000136082756742463,0.000104615770815021,"AT1G03780/AT1G18370/AT1G19835/AT1G20010/AT1G23220/AT1G50010/AT1G54960/AT1G59540/AT1G63640/AT1G71440/AT1G72250/AT1G80350/AT2G01910/AT2G18390/AT2G21380/AT2G25880/AT2G28620/AT2G29550/AT2G35630/AT2G45490/AT3G02180/AT3G05750/AT3G06030/AT3G10180/AT3G10310/AT3G16060/AT3G16800/AT3G17360/AT3G20150/AT3G20860/AT3G22930/AT3G23670/AT3G44050/AT3G44730/AT3G45850/AT3G50240/AT3G50960/AT3G51920/AT3G53230/AT3G53760/AT3G55005/AT3G58650/AT3G60660/AT4G05190/AT4G09550/AT4G14330/AT4G15830/AT4G20260/AT4G21270/AT4G26470/AT4G26660/AT4G26760/AT4G28540/AT4G32830/AT4G38950/AT4G39920/AT5G01840/AT5G02370/AT5G07590/AT5G10470/AT5G12250/AT5G17620/AT5G18580/AT5G23430/AT5G23720/AT5G23910/AT5G27000/AT5G27930/AT5G33300/AT5G44340/AT5G48520/AT5G51600/AT5G59560/AT5G60930/AT5G62500/AT5G65460/AT5G66410/AT5G67270",78
"GO:0007389","GO:0007389","pattern specification process","75/4858","210/21845",5.48367437425587e-06,0.000171894912718341,0.000132146931938208,"AT1G07640/AT1G08750/AT1G11130/AT1G13980/AT1G14000/AT1G16510/AT1G17840/AT1G19850/AT1G20330/AT1G23080/AT1G30490/AT1G32240/AT1G68060/AT1G70510/AT1G70940/AT2G01950/AT2G17820/AT2G19730/AT2G27530/AT2G27990/AT2G28350/AT2G31160/AT2G31650/AT2G32010/AT2G32280/AT2G33800/AT2G34710/AT2G36120/AT2G37590/AT2G42580/AT2G45450/AT2G46640/AT3G09070/AT3G21220/AT3G25520/AT3G44750/AT3G45610/AT3G53020/AT3G54010/AT3G54220/AT3G54720/AT3G63300/AT4G02030/AT4G07410/AT4G08150/AT4G12970/AT4G14770/AT4G18750/AT4G24220/AT4G30080/AT4G36260/AT4G36920/AT4G37650/AT5G02030/AT5G03680/AT5G04810/AT5G10510/AT5G13300/AT5G16560/AT5G20240/AT5G24740/AT5G28640/AT5G39740/AT5G43870/AT5G46700/AT5G49660/AT5G50320/AT5G51590/AT5G55250/AT5G57390/AT5G60200/AT5G60690/AT5G62940/AT5G63420/AT5G65510",75
"GO:0055076","GO:0055076","transition metal ion homeostasis","54/4858","140/21845",8.92634427581801e-06,0.000259309973170331,0.000199348641757576,"AT1G20340/AT1G41830/AT1G51070/AT1G58340/AT1G68100/AT1G76160/AT1G76800/AT1G79520/AT2G21410/AT2G23150/AT2G29130/AT2G30210/AT2G38170/AT2G40300/AT2G40370/AT2G46800/AT3G07700/AT3G08040/AT3G13772/AT3G15353/AT3G25190/AT3G46900/AT3G56090/AT4G04770/AT4G12420/AT4G14230/AT4G14240/AT4G22220/AT4G25240/AT4G30110/AT4G33460/AT4G33520/AT4G33700/AT4G34600/AT4G37160/AT4G37270/AT4G37650/AT4G39740/AT5G01190/AT5G03260/AT5G05390/AT5G06410/AT5G07130/AT5G17450/AT5G24290/AT5G26820/AT5G48450/AT5G51480/AT5G51720/AT5G54230/AT5G59030/AT5G60020/AT5G64940/AT5G66920",54
"GO:0032544","GO:0032544","plastid translation","12/4858","16/21845",1.05557575366623e-05,0.000296200062199445,0.000227708480958359,"AT1G09340/AT1G68590/AT1G70200/AT1G71720/AT1G79850/AT2G33800/AT2G38140/AT3G56910/AT3G62910/AT3G63140/AT3G63190/AT5G54600",12
"GO:0042793","GO:0042793","plastid transcription","9/4858","10/21845",1.05830732559563e-05,0.000296200062199445,0.000227708480958359,"AT1G21600/AT1G69200/AT1G74850/AT2G34640/AT3G12080/AT3G54090/AT4G02990/AT4G13670/AT4G20130",9
"GO:0048366","GO:0048366","leaf development","122/4858","386/21845",1.13673147243949e-05,0.000303688146784687,0.000233465064375432,"AT1G04010/AT1G04020/AT1G04250/AT1G10670/AT1G11130/AT1G14280/AT1G15690/AT1G17020/AT1G17840/AT1G19220/AT1G27320/AT1G27370/AT1G32450/AT1G53310/AT1G54040/AT1G60160/AT1G64360/AT1G64520/AT1G65650/AT1G66330/AT1G69780/AT1G70170/AT1G73220/AT1G73680/AT1G73980/AT1G77450/AT2G01940/AT2G17040/AT2G19730/AT2G20570/AT2G23380/AT2G23430/AT2G23760/AT2G24060/AT2G26700/AT2G28350/AT2G28890/AT2G31070/AT2G32280/AT2G34650/AT2G35980/AT2G36120/AT2G39730/AT2G40300/AT2G40750/AT2G42530/AT2G42540/AT2G42600/AT2G43000/AT2G45450/AT2G46870/AT2G48120/AT3G02790/AT3G09070/AT3G11340/AT3G11450/AT3G14067/AT3G14370/AT3G14940/AT3G25010/AT3G25520/AT3G47450/AT3G52430/AT3G53020/AT3G54220/AT3G56090/AT3G61630/AT4G00100/AT4G02260/AT4G03550/AT4G07410/AT4G14720/AT4G15900/AT4G18710/AT4G18750/AT4G18960/AT4G18980/AT4G19960/AT4G20360/AT4G23640/AT4G23750/AT4G24150/AT4G25420/AT4G32940/AT4G33950/AT4G34540/AT4G36870/AT4G37650/AT4G37740/AT4G38630/AT5G02410/AT5G03790/AT5G04810/AT5G04870/AT5G05700/AT5G05780/AT5G08370/AT5G08560/AT5G11520/AT5G13300/AT5G13680/AT5G22510/AT5G27150/AT5G28640/AT5G37600/AT5G39610/AT5G39740/AT5G41920/AT5G44160/AT5G44190/AT5G45890/AT5G50320/AT5G51720/AT5G53290/AT5G58230/AT5G62000/AT5G63770/AT5G64940/AT5G64960/AT5G65810/AT5G67100/AT5G67260",122
"GO:0007623","GO:0007623","circadian rhythm","55/4858","145/21845",1.31528159456715e-05,0.000332497529981438,0.000255612733205637,"AT1G01060/AT1G09340/AT1G10470/AT1G12910/AT1G17455/AT1G19330/AT1G22770/AT1G27450/AT1G68830/AT1G69690/AT1G72630/AT2G16365/AT2G17840/AT2G18170/AT2G18790/AT2G32950/AT2G41310/AT2G42540/AT3G01060/AT3G12700/AT3G21890/AT3G26740/AT3G45780/AT3G46780/AT3G48100/AT3G48360/AT3G50000/AT3G52180/AT3G55960/AT3G56480/AT3G57040/AT3G60250/AT4G02630/AT4G03390/AT4G15920/AT4G26150/AT4G26700/AT4G30200/AT4G32890/AT4G36930/AT4G37930/AT5G02120/AT5G08330/AT5G15850/AT5G17300/AT5G24930/AT5G52910/AT5G56860/AT5G58140/AT5G59560/AT5G60100/AT5G63440/AT5G63980/AT5G64940/AT5G67380",55
"GO:0048511","GO:0048511","rhythmic process","55/4858","145/21845",1.31528159456715e-05,0.000332497529981438,0.000255612733205637,"AT1G01060/AT1G09340/AT1G10470/AT1G12910/AT1G17455/AT1G19330/AT1G22770/AT1G27450/AT1G68830/AT1G69690/AT1G72630/AT2G16365/AT2G17840/AT2G18170/AT2G18790/AT2G32950/AT2G41310/AT2G42540/AT3G01060/AT3G12700/AT3G21890/AT3G26740/AT3G45780/AT3G46780/AT3G48100/AT3G48360/AT3G50000/AT3G52180/AT3G55960/AT3G56480/AT3G57040/AT3G60250/AT4G02630/AT4G03390/AT4G15920/AT4G26150/AT4G26700/AT4G30200/AT4G32890/AT4G36930/AT4G37930/AT5G02120/AT5G08330/AT5G15850/AT5G17300/AT5G24930/AT5G52910/AT5G56860/AT5G58140/AT5G59560/AT5G60100/AT5G63440/AT5G63980/AT5G64940/AT5G67380",55
"GO:0007568","GO:0007568","aging","61/4858","166/21845",1.45857603117614e-05,0.000363639051775394,0.000279553270455283,"AT1G04010/AT1G04250/AT1G10670/AT1G17020/AT1G26820/AT1G27320/AT1G32450/AT1G54040/AT1G64360/AT1G66330/AT1G70170/AT1G73220/AT1G73680/AT1G73980/AT1G77450/AT2G19450/AT2G20570/AT2G23380/AT2G28800/AT2G29350/AT2G31070/AT2G35980/AT2G39730/AT2G40750/AT2G42530/AT2G42540/AT2G42620/AT2G43000/AT3G02790/AT3G11340/AT3G14067/AT3G21520/AT3G25010/AT3G49620/AT3G50210/AT3G52430/AT3G60140/AT4G02260/AT4G03550/AT4G18980/AT4G26150/AT4G28530/AT4G30270/AT4G32940/AT4G34540/AT4G38630/AT5G04870/AT5G05700/AT5G08560/AT5G11520/AT5G35630/AT5G37600/AT5G39610/AT5G44160/AT5G44190/AT5G45890/AT5G51720/AT5G56860/AT5G60360/AT5G62000/AT5G64940",61
"GO:0003008","GO:0003008","system process","14/4858","21/21845",1.64441322095228e-05,0.000379021125731256,0.000291378483010843,"AT1G06490/AT1G09240/AT1G18880/AT1G22710/AT1G56430/AT2G01950/AT2G18950/AT3G09070/AT3G47960/AT4G32770/AT5G02600/AT5G04950/AT5G09220/AT5G62680",14
"GO:0003013","GO:0003013","circulatory system process","14/4858","21/21845",1.64441322095228e-05,0.000379021125731256,0.000291378483010843,"AT1G06490/AT1G09240/AT1G18880/AT1G22710/AT1G56430/AT2G01950/AT2G18950/AT3G09070/AT3G47960/AT4G32770/AT5G02600/AT5G04950/AT5G09220/AT5G62680",14
"GO:0003018","GO:0003018","vascular process in circulatory system","14/4858","21/21845",1.64441322095228e-05,0.000379021125731256,0.000291378483010843,"AT1G06490/AT1G09240/AT1G18880/AT1G22710/AT1G56430/AT2G01950/AT2G18950/AT3G09070/AT3G47960/AT4G32770/AT5G02600/AT5G04950/AT5G09220/AT5G62680",14
"GO:0010232","GO:0010232","vascular transport","14/4858","21/21845",1.64441322095228e-05,0.000379021125731256,0.000291378483010843,"AT1G06490/AT1G09240/AT1G18880/AT1G22710/AT1G56430/AT2G01950/AT2G18950/AT3G09070/AT3G47960/AT4G32770/AT5G02600/AT5G04950/AT5G09220/AT5G62680",14
"GO:0010233","GO:0010233","phloem transport","14/4858","21/21845",1.64441322095228e-05,0.000379021125731256,0.000291378483010843,"AT1G06490/AT1G09240/AT1G18880/AT1G22710/AT1G56430/AT2G01950/AT2G18950/AT3G09070/AT3G47960/AT4G32770/AT5G02600/AT5G04950/AT5G09220/AT5G62680",14
"GO:0009699","GO:0009699","phenylpropanoid biosynthetic process","39/4858","95/21845",2.94591726210678e-05,0.00061837959671545,0.000475389092014788,"AT1G16490/AT1G61820/AT1G64160/AT1G71030/AT1G72680/AT1G79180/AT2G22420/AT2G30490/AT2G37040/AT2G37360/AT2G40890/AT3G11430/AT3G11670/AT3G13610/AT3G16340/AT3G19450/AT3G44540/AT3G44550/AT3G53510/AT4G01070/AT4G13660/AT4G23690/AT4G34050/AT4G36220/AT4G38620/AT4G39230/AT5G03260/AT5G04230/AT5G05340/AT5G13580/AT5G22500/AT5G23190/AT5G41040/AT5G49660/AT5G52240/AT5G54160/AT5G58860/AT5G60020/AT5G63560",39
"GO:0002376","GO:0002376","immune system process","128/4858","417/21845",3.2951089342285e-05,0.00067954395652379,0.000522410160671315,"AT1G03160/AT1G05760/AT1G09415/AT1G11330/AT1G19250/AT1G20020/AT1G21880/AT1G22070/AT1G26190/AT1G28380/AT1G29340/AT1G29660/AT1G31280/AT1G31290/AT1G32230/AT1G32960/AT1G33970/AT1G51940/AT1G55020/AT1G55490/AT1G61360/AT1G61370/AT1G61550/AT1G64060/AT1G64790/AT1G73080/AT1G73805/AT1G74100/AT1G77630/AT1G80840/AT2G02220/AT2G18660/AT2G20310/AT2G21120/AT2G22240/AT2G27040/AT2G30750/AT2G30770/AT2G35930/AT2G35980/AT2G37220/AT2G42010/AT2G43710/AT2G43850/AT2G44490/AT2G45820/AT3G01420/AT3G01500/AT3G03970/AT3G04570/AT3G04720/AT3G05180/AT3G09980/AT3G11660/AT3G11820/AT3G12500/AT3G14840/AT3G21220/AT3G21630/AT3G26830/AT3G29400/AT3G44880/AT3G46530/AT3G48090/AT3G48450/AT3G52430/AT3G52450/AT3G53980/AT3G54420/AT3G54920/AT3G61260/AT3G61440/AT3G62800/AT3G63190/AT4G03550/AT4G11650/AT4G12470/AT4G14465/AT4G15900/AT4G16260/AT4G16950/AT4G16990/AT4G18470/AT4G22470/AT4G23190/AT4G23570/AT4G24770/AT4G25050/AT4G31500/AT4G31550/AT4G33680/AT4G37000/AT4G37150/AT4G37930/AT4G39030/AT5G05780/AT5G07690/AT5G09990/AT5G10520/AT5G13190/AT5G13320/AT5G15410/AT5G16000/AT5G20480/AT5G37680/AT5G37770/AT5G38900/AT5G39610/AT5G40990/AT5G43810/AT5G44420/AT5G44510/AT5G45890/AT5G50250/AT5G50260/AT5G52640/AT5G52810/AT5G54250/AT5G54380/AT5G58260/AT5G60600/AT5G61420/AT5G62570/AT5G64570/AT5G64890/AT5G64900/AT5G64905/ATCG00480",128
"GO:0010583","GO:0010583","response to cyclopentenone","19/4858","35/21845",3.61377352178117e-05,0.000719998436415893,0.000553510181703682,"AT1G02730/AT1G04240/AT1G08560/AT1G15580/AT1G18370/AT1G23080/AT1G44110/AT1G56300/AT1G70710/AT1G76540/AT3G03050/AT3G11520/AT3G15720/AT3G62100/AT4G12730/AT4G28640/AT4G34160/AT5G43700/AT5G65670",19
"GO:1901137","GO:1901137","carbohydrate derivative biosynthetic process","133/4858","437/21845",3.65533662203157e-05,0.000722159361209767,0.000555171426804795,"AT1G07640/AT1G08660/AT1G08750/AT1G10670/AT1G10700/AT1G11755/AT1G12140/AT1G12160/AT1G12730/AT1G16040/AT1G16570/AT1G17890/AT1G18590/AT1G24100/AT1G24180/AT1G27450/AT1G29900/AT1G30000/AT1G30620/AT1G30820/AT1G31070/AT1G32210/AT1G32640/AT1G51650/AT1G53000/AT1G53290/AT1G53500/AT1G60440/AT1G60810/AT1G61790/AT1G62560/AT1G63660/AT1G68470/AT1G71100/AT1G73250/AT1G74090/AT1G74100/AT1G74340/AT1G74680/AT1G75200/AT1G76400/AT1G76790/AT1G77350/AT1G77810/AT1G80460/AT2G11810/AT2G13290/AT2G14750/AT2G15390/AT2G20610/AT2G21410/AT2G21790/AT2G28110/AT2G28760/AT2G32430/AT2G36390/AT2G38280/AT2G43100/AT2G44530/AT2G45790/AT3G01180/AT3G05630/AT3G06650/AT3G09820/AT3G11670/AT3G12780/AT3G14790/AT3G18030/AT3G19710/AT3G20330/AT3G27060/AT3G27740/AT3G46940/AT3G52300/AT3G53900/AT3G56040/AT3G57220/AT3G58990/AT3G60180/AT4G00550/AT4G00895/AT4G04640/AT4G09650/AT4G11010/AT4G12030/AT4G13430/AT4G13770/AT4G15560/AT4G20320/AT4G20460/AT4G21150/AT4G22930/AT4G26210/AT4G29480/AT4G29870/AT4G31500/AT4G31780/AT4G32260/AT4G33030/AT4G35360/AT4G35905/AT4G39940/AT5G01220/AT5G02410/AT5G03300/AT5G05930/AT5G07690/AT5G11610/AT5G13450/AT5G14850/AT5G15490/AT5G19690/AT5G20410/AT5G23010/AT5G33290/AT5G35360/AT5G39320/AT5G40870/AT5G44480/AT5G46420/AT5G46850/AT5G49460/AT5G50850/AT5G58770/AT5G59290/AT5G61420/AT5G63310/AT5G66680/ATCG00120/ATCG00130/ATCG00140/ATCG00150/ATCG00480",133
"GO:0009651","GO:0009651","response to salt stress","140/4858","468/21845",5.79590659541939e-05,0.00105335394544711,0.000809782499869125,"AT1G01140/AT1G01620/AT1G02730/AT1G02820/AT1G05260/AT1G05690/AT1G06390/AT1G10570/AT1G10940/AT1G13930/AT1G15690/AT1G16920/AT1G17840/AT1G27320/AT1G27730/AT1G27760/AT1G28380/AT1G31470/AT1G32230/AT1G35910/AT1G44170/AT1G50460/AT1G51500/AT1G52400/AT1G53210/AT1G53300/AT1G56600/AT1G57870/AT1G61660/AT1G62660/AT1G69310/AT1G69700/AT1G70170/AT1G72370/AT1G77120/AT1G79410/AT2G01430/AT2G01570/AT2G04030/AT2G04240/AT2G15390/AT2G17270/AT2G17840/AT2G19310/AT2G19450/AT2G32010/AT2G33380/AT2G33540/AT2G35510/AT2G37570/AT2G37770/AT2G38170/AT2G38750/AT2G41870/AT2G42540/AT2G43000/AT2G44490/AT2G45960/AT2G46500/AT2G47180/AT3G06930/AT3G09260/AT3G14070/AT3G14080/AT3G14440/AT3G18030/AT3G19490/AT3G19580/AT3G23250/AT3G23830/AT3G25910/AT3G26520/AT3G44540/AT3G44550/AT3G47450/AT3G48360/AT3G48850/AT3G49810/AT3G51920/AT3G51960/AT3G53420/AT3G57530/AT3G57540/AT3G60120/AT3G60130/AT3G60140/AT3G61430/AT3G61890/AT3G62030/AT4G04330/AT4G10310/AT4G17340/AT4G17615/AT4G19810/AT4G20260/AT4G23400/AT4G23650/AT4G26630/AT4G27710/AT4G28190/AT4G33000/AT4G33950/AT4G38630/AT4G40010/AT5G01520/AT5G01820/AT5G02410/AT5G05100/AT5G08590/AT5G08620/AT5G10230/AT5G13330/AT5G14800/AT5G17490/AT5G17640/AT5G18100/AT5G19690/AT5G22500/AT5G23750/AT5G24030/AT5G24090/AT5G24120/AT5G25610/AT5G27150/AT5G27600/AT5G37670/AT5G39610/AT5G44440/AT5G44650/AT5G49630/AT5G50720/AT5G51110/AT5G55580/AT5G58670/AT5G59310/AT5G62460/AT5G63510/AT5G63980/AT5G65010/AT5G66880",140
"GO:0010118","GO:0010118","stomatal movement","53/4858","145/21845",6.05419416288128e-05,0.00108651988373541,0.000835279339306321,"AT1G08810/AT1G09780/AT1G12480/AT1G32080/AT1G52400/AT1G57560/AT1G64060/AT1G65480/AT1G69530/AT1G70410/AT2G17260/AT2G20890/AT2G26300/AT2G26670/AT2G28930/AT2G31650/AT2G32950/AT2G33380/AT2G39050/AT2G40750/AT2G46070/AT3G01500/AT3G08590/AT3G09770/AT3G11410/AT3G11820/AT3G14270/AT3G21220/AT3G43790/AT3G45780/AT3G49220/AT3G56480/AT4G14480/AT4G17615/AT4G17970/AT4G18950/AT4G20260/AT4G22790/AT4G23650/AT4G33950/AT5G05860/AT5G06970/AT5G22920/AT5G23060/AT5G23720/AT5G26660/AT5G27150/AT5G43410/AT5G44790/AT5G46860/AT5G52440/AT5G54270/AT5G58140",53
"GO:0006270","GO:0006270","DNA replication initiation","14/4858","23/21845",7.3009142198389e-05,0.00129056010006325,0.000992138481635408,"AT1G26840/AT1G44900/AT1G67630/AT1G80190/AT2G01120/AT2G07690/AT2G16440/AT2G20980/AT2G31270/AT3G25100/AT4G02060/AT5G16690/AT5G46280/AT5G67100",14
"GO:1901259","GO:1901259","chloroplast rRNA processing","11/4858","16/21845",9.17408024775118e-05,0.00155167357283907,0.00119287359222937,"AT1G06190/AT1G12800/AT1G45230/AT2G04270/AT2G31890/AT2G33800/AT3G46630/AT3G52380/AT4G09730/AT4G24770/AT5G50250",11
"GO:0042594","GO:0042594","response to starvation","63/4858","184/21845",0.000122957285372354,0.00194008441550606,0.00149147056859294,"AT1G01140/AT1G13300/AT1G22160/AT1G27320/AT1G29900/AT1G53310/AT1G55180/AT1G55460/AT1G62300/AT1G64660/AT1G68320/AT1G71040/AT1G74020/AT1G78020/AT1G79600/AT2G05630/AT2G11810/AT2G16430/AT2G19590/AT2G22240/AT2G27190/AT2G47880/AT3G03520/AT3G03710/AT3G04530/AT3G05630/AT3G06420/AT3G06850/AT3G07700/AT3G08040/AT3G13610/AT3G15580/AT3G20330/AT3G22550/AT3G24120/AT3G27740/AT3G44320/AT3G49620/AT3G50210/AT3G53900/AT4G00550/AT4G04620/AT4G04955/AT4G14680/AT4G15920/AT4G20260/AT4G31390/AT4G33030/AT4G35090/AT5G01220/AT5G07690/AT5G20410/AT5G20700/AT5G38480/AT5G45380/AT5G47060/AT5G49660/AT5G53420/AT5G61420/AT5G64940/AT5G65040/AT5G67370/ATCG00420",63
"GO:0010189","GO:0010189","vitamin E biosynthetic process","9/4858","12/21845",0.00014934335271038,0.00225068091168016,0.00173024653578761,"AT1G64970/AT1G78620/AT2G18950/AT3G63410/AT4G17600/AT4G32770/AT5G04490/AT5G15070/AT5G47110",9
"GO:0042360","GO:0042360","vitamin E metabolic process","9/4858","12/21845",0.00014934335271038,0.00225068091168016,0.00173024653578761,"AT1G64970/AT1G78620/AT2G18950/AT3G63410/AT4G17600/AT4G32770/AT5G04490/AT5G15070/AT5G47110",9
"GO:0048646","GO:0048646","anatomical structure formation involved in morphogenesis","71/4858","215/21845",0.000169865055706616,0.00250473558459291,0.00192555508238197,"AT1G07880/AT1G13980/AT1G15040/AT1G15570/AT1G18370/AT1G19220/AT1G26770/AT1G26960/AT1G50240/AT1G55020/AT1G58340/AT1G68540/AT1G69530/AT1G70510/AT1G71090/AT1G73870/AT2G18390/AT2G19800/AT2G20300/AT2G23430/AT2G26170/AT2G27990/AT2G28950/AT2G31070/AT2G31160/AT2G31650/AT2G37640/AT2G39350/AT2G39700/AT2G40610/AT2G42430/AT2G45420/AT3G02000/AT3G03990/AT3G14067/AT3G20860/AT3G27580/AT3G28860/AT3G48090/AT3G52430/AT3G53180/AT3G54150/AT3G55090/AT3G59530/AT4G00220/AT4G01630/AT4G07410/AT4G13195/AT4G13510/AT4G20050/AT4G26260/AT4G35910/AT4G36920/AT4G38210/AT4G38630/AT5G02030/AT5G03790/AT5G05730/AT5G10510/AT5G20240/AT5G23000/AT5G41920/AT5G48030/AT5G49660/AT5G50320/AT5G51600/AT5G56580/AT5G57390/AT5G57620/AT5G61480/AT5G65510",71
"GO:0009620","GO:0009620","response to fungus","103/4858","336/21845",0.000193967305534026,0.00280634529073101,0.00215742231264866,"AT1G02205/AT1G03850/AT1G05010/AT1G10760/AT1G10920/AT1G16070/AT1G19250/AT1G19670/AT1G20020/AT1G20440/AT1G22190/AT1G24150/AT1G29340/AT1G47128/AT1G51090/AT1G51940/AT1G52400/AT1G52410/AT1G61850/AT1G67865/AT1G71930/AT1G73260/AT1G79680/AT1G80840/AT2G01650/AT2G03070/AT2G06050/AT2G16390/AT2G22240/AT2G30770/AT2G31260/AT2G33380/AT2G35940/AT2G36490/AT2G37130/AT2G38870/AT2G39660/AT2G40750/AT2G42530/AT2G44490/AT2G46450/AT3G01210/AT3G01420/AT3G01500/AT3G03970/AT3G04570/AT3G04720/AT3G06490/AT3G09260/AT3G09940/AT3G11820/AT3G12500/AT3G13790/AT3G14310/AT3G18740/AT3G19260/AT3G21240/AT3G21630/AT3G26470/AT3G26830/AT3G45140/AT3G63190/AT3G63310/AT4G02195/AT4G03550/AT4G11650/AT4G12470/AT4G15900/AT4G16260/AT4G16950/AT4G16990/AT4G20830/AT4G23570/AT4G26120/AT4G30440/AT4G30650/AT4G31180/AT4G37150/AT5G05700/AT5G07690/AT5G08370/AT5G10380/AT5G10520/AT5G11510/AT5G11630/AT5G12870/AT5G14620/AT5G25110/AT5G38900/AT5G40990/AT5G42650/AT5G43580/AT5G45890/AT5G48580/AT5G50260/AT5G54380/AT5G54430/AT5G58260/AT5G60280/AT5G61420/AT5G61890/AT5G62380/ATCG00480",103
"GO:2001057","GO:2001057","reactive nitrogen species metabolic process","11/4858","17/21845",0.000207531178926582,0.00290420120033569,0.00223265059033172,"AT1G32230/AT1G62810/AT1G66200/AT2G15620/AT3G17820/AT3G47450/AT5G16570/AT5G24400/AT5G37600/AT5G37770/AT5G53460",11
"GO:0010119","GO:0010119","regulation of stomatal movement","36/4858","93/21845",0.000241563413894803,0.00330183480271327,0.00253833770904147,"AT1G12480/AT1G52400/AT1G57560/AT1G64060/AT1G65480/AT1G69530/AT1G70410/AT2G20890/AT2G26300/AT2G26670/AT2G28930/AT2G31650/AT2G32950/AT2G40750/AT2G46070/AT3G01500/AT3G11410/AT3G11820/AT3G21220/AT3G43790/AT3G45780/AT3G49220/AT3G56480/AT4G14480/AT4G18950/AT4G22790/AT4G23650/AT4G33950/AT5G22920/AT5G23060/AT5G23720/AT5G26660/AT5G27150/AT5G44790/AT5G52440/AT5G54270",36
"GO:0009902","GO:0009902","chloroplast relocation","15/4858","28/21845",0.000292367263466835,0.00392774535091731,0.00301951633908304,"AT1G42550/AT1G58070/AT1G64500/AT1G66840/AT1G75100/AT2G17940/AT2G38370/AT2G40480/AT3G13190/AT3G25690/AT3G45780/AT3G51720/AT5G10470/AT5G58140/AT5G65460",15
"GO:0051667","GO:0051667","establishment of plastid localization","15/4858","28/21845",0.000292367263466835,0.00392774535091731,0.00301951633908304,"AT1G42550/AT1G58070/AT1G64500/AT1G66840/AT1G75100/AT2G17940/AT2G38370/AT2G40480/AT3G13190/AT3G25690/AT3G45780/AT3G51720/AT5G10470/AT5G58140/AT5G65460",15
"GO:0044282","GO:0044282","small molecule catabolic process","76/4858","238/21845",0.000332372826726764,0.00434115842019234,0.00333733417245528,"AT1G02400/AT1G03090/AT1G04710/AT1G06550/AT1G08110/AT1G09780/AT1G11860/AT1G12050/AT1G22440/AT1G23310/AT1G31190/AT1G32470/AT1G48420/AT1G48430/AT1G63290/AT1G64190/AT1G64660/AT1G64710/AT1G67280/AT1G76150/AT1G77120/AT1G80460/AT2G03800/AT2G16790/AT2G19800/AT2G20340/AT2G22780/AT2G26080/AT2G29090/AT2G35120/AT2G35370/AT2G37040/AT3G01420/AT3G02360/AT3G03910/AT3G07560/AT3G08590/AT3G10050/AT3G10370/AT3G24360/AT3G30775/AT3G55840/AT3G58750/AT3G62130/AT4G05090/AT4G16800/AT4G18010/AT4G20930/AT4G26260/AT4G29010/AT4G29120/AT4G31810/AT4G32520/AT4G33010/AT4G37930/AT4G39850/AT5G04230/AT5G06580/AT5G07440/AT5G09290/AT5G09300/AT5G09660/AT5G13790/AT5G17330/AT5G24760/AT5G28050/AT5G36160/AT5G38710/AT5G43430/AT5G47720/AT5G48230/AT5G48880/AT5G53580/AT5G61410/AT5G63980/AT5G65640",76
"GO:0006775","GO:0006775","fat-soluble vitamin metabolic process","9/4858","13/21845",0.000389110837684514,0.0048402094147952,0.00372098751492237,"AT1G64970/AT1G78620/AT2G18950/AT3G63410/AT4G17600/AT4G32770/AT5G04490/AT5G15070/AT5G47110",9
"GO:0071826","GO:0071826","ribonucleoprotein complex subunit organization","52/4858","152/21845",0.000467885466793236,0.00564101914067127,0.00433662265308494,"AT1G04270/AT1G04510/AT1G14320/AT1G18540/AT1G26910/AT1G31817/AT1G32990/AT1G43170/AT1G52930/AT1G66580/AT1G67440/AT1G72370/AT1G77840/AT2G31660/AT2G36160/AT2G36620/AT2G37190/AT2G39460/AT2G39820/AT2G42330/AT2G42740/AT2G43460/AT3G02080/AT3G03970/AT3G09200/AT3G10090/AT3G11250/AT3G11510/AT3G25520/AT3G44850/AT3G52580/AT3G53020/AT3G53430/AT3G55280/AT3G58700/AT3G61110/AT4G01310/AT4G02840/AT4G03120/AT4G09730/AT4G25740/AT5G09920/AT5G15520/AT5G39740/AT5G47930/AT5G52650/AT5G60670/AT5G61170/AT5G61770/AT5G62290/AT5G64140/AT5G66470",52
"GO:0009636","GO:0009636","response to toxic substance","64/4858","196/21845",0.000485945072396084,0.00568386500101092,0.00436956108564586,"AT1G02950/AT1G04710/AT1G05690/AT1G10360/AT1G17170/AT1G17180/AT1G22440/AT1G22770/AT1G35580/AT1G52760/AT1G56560/AT1G56650/AT1G59670/AT1G59700/AT1G63440/AT1G64710/AT1G69920/AT1G69930/AT1G73260/AT1G74590/AT1G77120/AT1G80460/AT2G03800/AT2G18170/AT2G19310/AT2G26150/AT2G29440/AT2G29460/AT2G29470/AT2G29480/AT2G29490/AT2G30860/AT2G47730/AT3G03190/AT3G04120/AT3G09270/AT3G13610/AT3G17790/AT3G44320/AT3G48360/AT3G59410/AT3G61440/AT4G01070/AT4G11600/AT4G31390/AT4G35000/AT4G35090/AT4G37270/AT4G37610/AT5G05600/AT5G13240/AT5G17450/AT5G18100/AT5G24760/AT5G37670/AT5G37770/AT5G39610/AT5G45610/AT5G48880/AT5G51890/AT5G54270/AT5G62480/AT5G63310/AT5G64940",64
"GO:0009934","GO:0009934","regulation of meristem structural organization","12/4858","21/21845",0.000548614958992424,0.00611276667578762,0.00469928602938385,"AT1G04020/AT1G20930/AT1G62360/AT1G75820/AT1G76540/AT2G26170/AT2G42620/AT2G46920/AT3G22780/AT3G49670/AT5G43810/AT5G65700",12
"GO:0071229","GO:0071229","cellular response to acid chemical","130/4858","452/21845",0.000630910232694871,0.00683236718509971,0.00525249029833496,"AT1G05010/AT1G05200/AT1G08970/AT1G09340/AT1G09530/AT1G12240/AT1G13300/AT1G18080/AT1G18890/AT1G22070/AT1G24625/AT1G26190/AT1G27320/AT1G28480/AT1G32080/AT1G32230/AT1G32640/AT1G42550/AT1G48630/AT1G51940/AT1G52400/AT1G52920/AT1G53300/AT1G54160/AT1G56650/AT1G61660/AT1G62660/AT1G62810/AT1G64060/AT1G64660/AT1G68010/AT1G68360/AT1G70700/AT1G70790/AT1G71020/AT1G72450/AT1G74670/AT1G74740/AT1G74950/AT1G76260/AT1G79410/AT1G80730/AT2G01570/AT2G03500/AT2G04450/AT2G18790/AT2G19590/AT2G20180/AT2G25760/AT2G26300/AT2G28350/AT2G31650/AT2G33540/AT2G39840/AT2G40750/AT2G41070/AT2G41230/AT2G43140/AT2G43710/AT2G46590/AT3G01420/AT3G09770/AT3G11410/AT3G11670/AT3G11820/AT3G14395/AT3G17860/AT3G18130/AT3G19100/AT3G21220/AT3G23240/AT3G25010/AT3G26000/AT3G26090/AT3G26744/AT3G28270/AT3G45060/AT3G48090/AT3G48360/AT3G50700/AT3G52430/AT3G53480/AT3G57530/AT3G59220/AT3G59380/AT4G03550/AT4G14720/AT4G14940/AT4G17615/AT4G23650/AT4G25420/AT4G26120/AT4G26150/AT4G30270/AT4G31550/AT4G32520/AT4G33360/AT4G33680/AT4G33950/AT4G34220/AT4G36260/AT4G36830/AT4G37930/AT5G01520/AT5G01540/AT5G01550/AT5G01810/AT5G05600/AT5G05860/AT5G07690/AT5G13680/AT5G14570/AT5G15230/AT5G17490/AT5G18100/AT5G20900/AT5G22570/AT5G24090/AT5G25160/AT5G37740/AT5G43410/AT5G46590/AT5G46790/AT5G56860/AT5G58670/AT5G60600/AT5G60780/AT5G62470/AT5G63980/AT5G66880",130
"GO:0034599","GO:0034599","cellular response to oxidative stress","29/4858","74/21845",0.000739359986006949,0.00779477725157999,0.00599235825335818,"AT1G31170/AT1G32640/AT1G56650/AT1G66330/AT1G77370/AT1G77490/AT2G05590/AT2G19590/AT2G20270/AT3G01420/AT3G02790/AT3G07700/AT3G13610/AT3G14990/AT3G26060/AT4G09010/AT4G25130/AT4G32320/AT4G33630/AT4G35000/AT4G35970/AT5G07460/AT5G18100/AT5G20500/AT5G40370/AT5G57345/AT5G61640/AT5G63030/AT5G64940",29
"GO:0010089","GO:0010089","xylem development","19/4858","42/21845",0.000781133230988707,0.00805457993883531,0.00619208567685878,"AT1G12260/AT1G13950/AT1G22740/AT1G71930/AT2G18060/AT2G45420/AT3G21710/AT4G00220/AT4G08150/AT4G13195/AT4G14940/AT4G32880/AT4G36160/AT5G02030/AT5G05340/AT5G51590/AT5G60690/AT5G61480/AT5G62380",19
"GO:0046686","GO:0046686","response to cadmium ion","95/4858","318/21845",0.000866877282574527,0.00870713715951318,0.00669374935766824,"AT1G04510/AT1G07440/AT1G08110/AT1G09780/AT1G11860/AT1G12000/AT1G13440/AT1G13930/AT1G15930/AT1G18080/AT1G23190/AT1G27450/AT1G42970/AT1G48030/AT1G48420/AT1G52760/AT1G53850/AT1G63770/AT1G63940/AT1G64550/AT1G65930/AT1G70170/AT1G77120/AT2G01140/AT2G17630/AT2G19480/AT2G21330/AT2G21790/AT2G29550/AT2G30860/AT2G33800/AT2G36530/AT2G39920/AT2G41690/AT2G42010/AT3G01860/AT3G04120/AT3G06930/AT3G08590/AT3G09200/AT3G09270/AT3G09820/AT3G12500/AT3G12580/AT3G12780/AT3G14990/AT3G17820/AT3G19170/AT3G22890/AT3G27300/AT3G44320/AT3G46970/AT3G52930/AT3G53230/AT3G53620/AT3G58610/AT3G60750/AT4G02930/AT4G04460/AT4G08790/AT4G11600/AT4G13430/AT4G14800/AT4G21680/AT4G24280/AT4G24460/AT4G26870/AT4G31180/AT4G33010/AT4G34050/AT4G37930/AT4G38740/AT4G38970/AT4G39230/AT4G39660/AT5G02490/AT5G03630/AT5G07440/AT5G08300/AT5G10540/AT5G16050/AT5G17310/AT5G17330/AT5G17450/AT5G20830/AT5G23120/AT5G26220/AT5G27470/AT5G28030/AT5G35630/AT5G53460/AT5G57410/AT5G63400/AT5G63680/AT5G64940",95
"GO:0033260","GO:0033260","nuclear DNA replication","9/4858","14/21845",0.000874046945829481,0.00870713715951318,0.00669374935766824,"AT1G44900/AT2G07690/AT2G16440/AT2G31270/AT3G25100/AT4G02060/AT5G16690/AT5G46280/AT5G67100",9
"GO:0009581","GO:0009581","detection of external stimulus","14/4858","28/21845",0.00114459111109195,0.0110284168122015,0.00847826979182429,"AT1G09570/AT2G01940/AT2G18790/AT2G26670/AT2G46340/AT3G54560/AT3G59060/AT4G16250/AT4G38740/AT5G35840/AT5G48150/AT5G51820/AT5G59560/AT5G63310",14
"GO:0009582","GO:0009582","detection of abiotic stimulus","14/4858","28/21845",0.00114459111109195,0.0110284168122015,0.00847826979182429,"AT1G09570/AT2G01940/AT2G18790/AT2G26670/AT2G46340/AT3G54560/AT3G59060/AT4G16250/AT4G38740/AT5G35840/AT5G48150/AT5G51820/AT5G59560/AT5G63310",14
"GO:0071396","GO:0071396","cellular response to lipid","101/4858","347/21845",0.00157136946743384,0.014219874026432,0.0109317529845682,"AT1G05010/AT1G06390/AT1G08970/AT1G09530/AT1G12240/AT1G13300/AT1G14000/AT1G18080/AT1G18890/AT1G24625/AT1G27320/AT1G42550/AT1G48630/AT1G51940/AT1G52400/AT1G52920/AT1G53300/AT1G54160/AT1G61660/AT1G62660/AT1G62810/AT1G64060/AT1G68360/AT1G70790/AT1G71830/AT1G74670/AT1G74740/AT1G76260/AT1G78300/AT1G80730/AT2G01570/AT2G01950/AT2G03500/AT2G19590/AT2G20180/AT2G25760/AT2G26300/AT2G28350/AT2G30980/AT2G31650/AT2G33540/AT2G39840/AT2G40750/AT2G41070/AT2G41230/AT2G42580/AT2G43140/AT2G44080/AT3G03990/AT3G09770/AT3G11410/AT3G18130/AT3G19100/AT3G21220/AT3G25010/AT3G26000/AT3G26744/AT3G48360/AT3G50700/AT3G50750/AT3G54030/AT3G57530/AT3G59220/AT3G59380/AT3G63310/AT4G17615/AT4G18710/AT4G18890/AT4G23650/AT4G25420/AT4G26150/AT4G30270/AT4G30410/AT4G33360/AT4G33950/AT4G34220/AT4G36260/AT4G36830/AT4G38740/AT5G01520/AT5G01540/AT5G01550/AT5G01810/AT5G05860/AT5G13680/AT5G15230/AT5G17490/AT5G17800/AT5G25160/AT5G37740/AT5G43410/AT5G46570/AT5G46590/AT5G46790/AT5G54380/AT5G56860/AT5G58670/AT5G62470/AT5G63980/AT5G65430/AT5G66880",101
"GO:0043455","GO:0043455","regulation of secondary metabolic process","23/4858","57/21845",0.00159430393061383,0.014219874026432,0.0109317529845682,"AT1G07640/AT1G13930/AT1G52340/AT1G65690/AT1G68320/AT2G14750/AT2G44130/AT2G46590/AT3G16340/AT3G23590/AT3G26744/AT3G52430/AT4G38620/AT4G39940/AT5G04760/AT5G05340/AT5G07690/AT5G49660/AT5G52240/AT5G61420/AT5G62470/AT5G65410/AT5G65640",23
"GO:0031425","GO:0031425","chloroplast RNA processing","12/4858","23/21845",0.00160888408806079,0.014219874026432,0.0109317529845682,"AT1G06190/AT2G04270/AT2G41720/AT2G48120/AT3G03710/AT3G18680/AT3G46790/AT3G52380/AT3G57430/AT4G16390/AT5G13650/AT5G42310",12
"GO:0000226","GO:0000226","microtubule cytoskeleton organization","53/4858","164/21845",0.00182136287694819,0.0156278252689971,0.0120141377630428,"AT1G03780/AT1G19835/AT1G20010/AT1G50010/AT1G54960/AT1G71440/AT1G80350/AT2G01910/AT2G18390/AT2G25880/AT2G29550/AT2G35630/AT2G45490/AT3G02180/AT3G05750/AT3G06030/AT3G16800/AT3G20860/AT3G22930/AT3G23670/AT3G50240/AT3G50960/AT3G51920/AT3G53230/AT3G53760/AT3G55005/AT3G58650/AT3G60660/AT4G05190/AT4G09550/AT4G15830/AT4G20260/AT4G21270/AT4G26470/AT4G26760/AT4G28540/AT4G32830/AT4G39920/AT5G01840/AT5G07590/AT5G12250/AT5G17620/AT5G18580/AT5G23430/AT5G23720/AT5G27930/AT5G44340/AT5G48520/AT5G51600/AT5G60930/AT5G62500/AT5G66410/AT5G67270",53
"GO:0036294","GO:0036294","cellular response to decreased oxygen levels","73/4858","240/21845",0.00191833377359133,0.016340589498961,0.0125620865341584,"AT1G02360/AT1G03610/AT1G09070/AT1G13300/AT1G19250/AT1G19530/AT1G21550/AT1G26270/AT1G26380/AT1G26800/AT1G27730/AT1G33055/AT1G35140/AT1G43800/AT1G53840/AT1G65490/AT1G66880/AT1G67360/AT1G68620/AT1G68670/AT1G68840/AT1G72430/AT1G74310/AT1G76650/AT1G77120/AT1G78070/AT2G01180/AT2G26150/AT2G36220/AT2G46500/AT2G47520/AT2G47730/AT3G02550/AT3G02555/AT3G03670/AT3G07350/AT3G10040/AT3G13310/AT3G22550/AT3G23150/AT3G24500/AT3G25250/AT3G27220/AT3G30775/AT3G43190/AT3G50440/AT3G60520/AT3G62410/AT4G23570/AT4G24110/AT4G27450/AT4G27657/AT4G30280/AT4G30440/AT4G33070/AT4G33560/AT4G37710/AT5G13190/AT5G15120/AT5G19120/AT5G19550/AT5G20250/AT5G20830/AT5G37670/AT5G39890/AT5G41080/AT5G44730/AT5G47060/AT5G54940/AT5G54960/AT5G63130/AT5G64905/AT5G66985",73
"GO:0071453","GO:0071453","cellular response to oxygen levels","73/4858","240/21845",0.00191833377359133,0.016340589498961,0.0125620865341584,"AT1G02360/AT1G03610/AT1G09070/AT1G13300/AT1G19250/AT1G19530/AT1G21550/AT1G26270/AT1G26380/AT1G26800/AT1G27730/AT1G33055/AT1G35140/AT1G43800/AT1G53840/AT1G65490/AT1G66880/AT1G67360/AT1G68620/AT1G68670/AT1G68840/AT1G72430/AT1G74310/AT1G76650/AT1G77120/AT1G78070/AT2G01180/AT2G26150/AT2G36220/AT2G46500/AT2G47520/AT2G47730/AT3G02550/AT3G02555/AT3G03670/AT3G07350/AT3G10040/AT3G13310/AT3G22550/AT3G23150/AT3G24500/AT3G25250/AT3G27220/AT3G30775/AT3G43190/AT3G50440/AT3G60520/AT3G62410/AT4G23570/AT4G24110/AT4G27450/AT4G27657/AT4G30280/AT4G30440/AT4G33070/AT4G33560/AT4G37710/AT5G13190/AT5G15120/AT5G19120/AT5G19550/AT5G20250/AT5G20830/AT5G37670/AT5G39890/AT5G41080/AT5G44730/AT5G47060/AT5G54940/AT5G54960/AT5G63130/AT5G64905/AT5G66985",73
"GO:0010311","GO:0010311","lateral root formation","22/4858","55/21845",0.00227750082424361,0.0187873839922692,0.0144430984865236,"AT1G07880/AT1G13980/AT1G15570/AT1G19220/AT1G26960/AT1G55020/AT1G71090/AT2G23430/AT2G42430/AT2G45420/AT3G20860/AT3G53180/AT4G01630/AT4G07410/AT4G13510/AT4G35910/AT5G05730/AT5G10510/AT5G49660/AT5G56580/AT5G57390/AT5G65510",22
"GO:0051098","GO:0051098","regulation of binding","8/4858","13/21845",0.00257202323212181,0.020779472916558,0.0159745483434731,"AT1G74660/AT2G16390/AT2G20960/AT3G05640/AT3G13222/AT4G38430/AT4G38560/AT5G60100",8
"GO:0071806","GO:0071806","protein transmembrane transport","32/4858","91/21845",0.00328540750986549,0.0257466435189792,0.0197931392787335,"AT1G29260/AT1G29310/AT1G50400/AT1G55900/AT1G72750/AT2G01110/AT2G04030/AT2G18710/AT2G20890/AT2G24020/AT2G28800/AT2G28900/AT2G31530/AT2G34250/AT2G45770/AT3G07560/AT3G07910/AT3G20000/AT3G20920/AT3G47520/AT3G48570/AT3G59280/AT4G03320/AT4G38490/AT5G03030/AT5G03940/AT5G27280/AT5G28750/AT5G50920/AT5G52440/AT5G62810/AT5G64580",32
"GO:0033045","GO:0033045","regulation of sister chromatid segregation","15/4858","34/21845",0.00368573940959375,0.0278622937361894,0.0214195788332119,"AT1G06590/AT1G49910/AT1G50490/AT1G77720/AT1G78770/AT2G20960/AT3G14190/AT3G16320/AT3G19590/AT3G25980/AT3G48150/AT4G22970/AT4G38560/AT5G05510/AT5G10010",15
"GO:0046939","GO:0046939","nucleotide phosphorylation","24/4858","65/21845",0.00505802666481036,0.036144135832733,0.0277863758869921,"AT1G09780/AT1G13440/AT1G22170/AT1G50460/AT1G74030/AT2G01140/AT2G21330/AT2G36530/AT3G04120/AT3G08590/AT3G12780/AT3G14890/AT3G49160/AT3G52930/AT4G11010/AT4G26520/AT4G26530/AT4G29220/AT4G38970/AT5G08570/AT5G35170/AT5G47840/AT5G63310/AT5G63680",24
"GO:0008202","GO:0008202","steroid metabolic process","29/4858","83/21845",0.00551786238910635,0.038380161173932,0.0295053557212569,"AT1G04010/AT1G11680/AT1G20050/AT1G20330/AT1G43620/AT1G76090/AT1G78490/AT2G17370/AT2G26710/AT2G29090/AT2G32440/AT2G34490/AT2G38050/AT3G07020/AT3G19820/AT3G30180/AT3G51970/AT4G12110/AT4G15440/AT4G24220/AT4G31910/AT4G37760/AT5G13710/AT5G24150/AT5G24160/AT5G42650/AT5G48000/AT5G48230/AT5G50375",29
"GO:0051983","GO:0051983","regulation of chromosome segregation","15/4858","36/21845",0.00702897449638899,0.0469463609119617,0.0360907572078346,"AT1G06590/AT1G49910/AT1G50490/AT1G77720/AT1G78770/AT2G20960/AT3G14190/AT3G16320/AT3G19590/AT3G25980/AT3G48150/AT4G22970/AT4G38560/AT5G05510/AT5G10010",15
"GO:0000727","GO:0000727","double-strand break repair via break-induced replication","7/4858","12/21845",0.00727464991113604,0.0479067281262768,0.0368290546879569,"AT1G44900/AT2G07690/AT2G16440/AT3G25100/AT4G02060/AT4G16970/AT5G46280",7
"GO:0042126","GO:0042126","nitrate metabolic process","7/4858","12/21845",0.00727464991113604,0.0479067281262768,0.0368290546879569,"AT1G66200/AT2G15620/AT3G17820/AT5G16570/AT5G24400/AT5G37600/AT5G53460",7
"GO:0042128","GO:0042128","nitrate assimilation","7/4858","12/21845",0.00727464991113604,0.0479067281262768,0.0368290546879569,"AT1G66200/AT2G15620/AT3G17820/AT5G16570/AT5G24400/AT5G37600/AT5G53460",7
"GO:0051094","GO:0051094","positive regulation of developmental process","41/4858","129/21845",0.00767301751659642,0.0499702608906321,0.0384154281265375,"AT1G04250/AT1G08970/AT1G10670/AT1G11130/AT1G15570/AT1G18100/AT1G22770/AT1G26260/AT1G65480/AT1G75220/AT1G77450/AT2G19450/AT2G33810/AT2G41230/AT2G44080/AT2G45650/AT2G46590/AT3G03090/AT3G24140/AT3G59900/AT4G12970/AT4G15880/AT4G20370/AT4G32880/AT4G34220/AT4G34540/AT4G39850/AT5G06850/AT5G08370/AT5G09530/AT5G13910/AT5G24860/AT5G39610/AT5G49660/AT5G57390/AT5G57620/AT5G60910/AT5G62000/AT5G63440/AT5G63980/AT5G65810",41
